QualifiedName	Name	Complexity	Coupling	Size	Lack of Cohesion	CBO	RFC	SRFC	DIT	NOC	WMC	LOC	CMLOC	NOF	NOSF	NOM	NOSM	NORM	LCOM	LCAM	LTCC	ATFD	SI
tribuo-4.0.2																							
<Package>org.tribuo	org.tribuo	low-medium	medium-high	high	low						274	1684											
org.tribuo.CategoricalIDInfo	CategoricalIDInfo	low-medium	low	low-medium	low	2	5	0	2	0	10	54	39	1	1	5	0	4	0.75	467	0.7	1	1.6
org.tribuo.CategoricalInfo	CategoricalInfo	low-medium	low	low-medium	low-medium	4	12	3	1	1	35	181	131	5	4	9	0	0	822	689	0.7	0	0.0
org.tribuo.CategoricalInfoTest	CategoricalInfoTest	low	low	low-medium	low	2	10	7	0	0	14	83	80	0	2	2	3	0	0.5	533	0.9	0	0.0
org.tribuo.ConfigurableDataSource<T>	ConfigurableDataSource	low	low	low	low	0	0	0	1	6	0	1	0	0	0	0	0	0	0.0	0.0	0.0	0	0.0
org.tribuo.DataSource<T>	DataSource	low	low	low	low	1	1	0	1	5	1	2	1	0	0	1	0	0	0.0	0.0	0.0	0	0.0
org.tribuo.Dataset<T>	Dataset	low-medium	medium-high	low-medium	medium-high	14	20	9	0	2	32	114	76	3	1	12	0	0	917	786	1.0	1	0.0
org.tribuo.DatasetTest	DatasetTest	low	medium-high	low-medium	low	13	17	10	0	0	3	66	65	0	0	2	1	0	0.0	0.0	0.0	1	0.0
org.tribuo.Example<T>	Example	low-medium	low-medium	low-medium	medium-high	6	18	3	0	4	21	89	38	2	3	16	0	0	0.88	789	982	1	0.0
org.tribuo.ExampleTest	ExampleTest	low	low-medium	low-medium	low	8	28	19	0	0	11	201	199	0	0	7	1	0	0.0	437	0.0	1	0.0
org.tribuo.Excuse<T>	Excuse	low	low	low	low	2	2	0	0	1	2	16	4	2	0	2	0	0	1.0	0.0	1.0	0	0.0
org.tribuo.Feature	Feature	low	low	low	low	0	4	0	0	1	6	47	20	1	1	4	0	0	0.75	375	0.5	0	0.0
org.tribuo.FeatureMap	FeatureMap	low	low	low	low	1	3	0	0	2	4	33	9	0	1	3	0	0	0.0	333	0.0	0	0.0
org.tribuo.FeatureTest	FeatureTest	low	low-medium	low-medium	low	8	8	1	0	0	3	122	39	0	0	2	0	0	0.0	0.0	0.0	0	0.0
org.tribuo.ImmutableDataset<T>	ImmutableDataset	low-medium	medium-high	low-medium	high	16	33	18	1	3	30	104	82	4	1	15	4	0	886	823	879	1	0.0
org.tribuo.ImmutableFeatureMap	ImmutableFeatureMap	low	low	low	low	1	4	0	1	5	4	48	10	1	1	4	0	1	0.0	0.5	1.0	0	0.25
org.tribuo.ImmutableOutputInfo<T>	ImmutableOutputInfo	low	low	low	low	0	3	0	1	7	3	4	3	0	0	3	0	0	0.0	444	0.0	0	0.0
org.tribuo.IncrementalTrainer<T,U>	IncrementalTrainer	low	low	low	low	1	1	0	1	0	1	2	1	0	0	1	0	0	0.0	0.0	0.0	0	0.0
org.tribuo.Model<T>	Model	low	low	low-medium	low	5	6	0	0	19	6	68	14	4	1	6	0	0	1.0	417	933	0	0.0
org.tribuo.ModelExplorer	ModelExplorer	low	low	low-medium	low	5	4	1	0	0	3	74	11	2	0	3	0	0	1.0	0.0	667	0	0.0
org.tribuo.MutableDataset<T>	MutableDataset	low	medium-high	low-medium	medium-high	12	29	15	1	0	19	86	55	3	1	12	1	0	0.75	791	615	2	0.0
org.tribuo.MutableFeatureMap	MutableFeatureMap	low	low	low	low	1	4	0	1	0	4	20	10	1	1	4	0	0	0.0	0.5	1.0	0	0.0
org.tribuo.MutableOutputInfo<T>	MutableOutputInfo	low	low	low	low	0	2	0	1	7	2	3	2	0	0	2	0	0	0.0	0.25	0.0	0	0.0
org.tribuo.Output<T>	Output	low	low	low	low	0	2	0	1	6	3	4	2	0	0	2	0	0	0.0	0.25	0.0	0	0.0
org.tribuo.OutputFactory<T>	OutputFactory	low	low	low	low	2	4	0	1	7	7	21	4	0	0	4	0	0	0.0	375	0.0	0	0.0
org.tribuo.OutputInfo<T>	OutputInfo	low	low	low	low	2	5	0	1	8	8	9	5	0	0	5	0	0	0.0	0.0	0.0	0	0.0
org.tribuo.Prediction<T>	Prediction	low	low	low	low-medium	2	8	1	0	0	7	44	14	5	1	7	0	0	967	629	905	0	0.0
org.tribuo.RealIDInfo	RealIDInfo	low-medium	low	low	low	1	4	0	2	0	4	27	12	1	1	4	0	3	1.0	417	833	0	1.5
org.tribuo.RealInfo	RealInfo	low	low	low-medium	low-medium	1	9	1	1	1	11	59	28	4	1	8	0	0	0.85	656	1.0	0	0.0
org.tribuo.SkeletalVariableInfo	SkeletalVariableInfo	low	low	low	low	0	3	0	0	2	3	36	10	1	1	3	0	0	1.0	333	1.0	0	0.0
org.tribuo.SparseModel<T>	SparseModel	low	low	low	low	0	2	1	1	2	1	16	3	0	1	1	0	0	0.0	0.0	0.0	0	0.0
org.tribuo.SparseTrainer<T>	SparseTrainer	low	low	low	low	2	1	0	1	4	2	6	1	0	0	1	0	0	0.0	0.0	0.0	0	0.0
org.tribuo.Trainer<T>	Trainer	low	low	low	low	2	2	0	1	21	3	6	2	0	1	2	0	0	0.0	0.25	1.0	0	0.0
org.tribuo.Tribuo	Tribuo	low	low	low	low	0	0	0	0	0	0	19	0	0	4	0	0	0	0.0	0.0	0.0	0	0.0
org.tribuo.VariableIDInfo	VariableIDInfo	low	low	low	low	0	1	0	1	2	1	2	1	0	0	1	0	0	0.0	0.0	0.0	0	0.0
org.tribuo.VariableInfo	VariableInfo	low	low	low	low	1	3	0	1	2	6	7	3	0	0	3	0	0	0.0	333	0.0	0	0.0
org.tribuo.VersionTest	VersionTest	low	low	low	low	1	2	1	0	0	1	9	8	0	0	1	0	0	0.0	0.0	0.0	0	0.0
org.tribuo.WeightedExamples	WeightedExamples	low	low	low	low	0	0	0	1	8	0	1	0	0	0	0	0	0	0.0	0.0	0.0	0	0.0
<Package>org.tribuo.anomaly	org.tribuo.anomaly	low	low	low-medium	low						51	216											
org.tribuo.anomaly.AnomalyFactory	AnomalyFactory	low	low-medium	low	low	7	5	0	0	0	6	50	18	0	5	5	0	0	1.1	0.4	1.0	0	0.0
org.tribuo.anomaly.AnomalyInfo	AnomalyInfo	low	low	low-medium	low	5	10	0	0	2	13	56	33	3	1	10	0	0	688	0.6	893	0	0.0
org.tribuo.anomaly.Event	Event	low	low	low-medium	low-medium	0	7	0	0	0	13	53	21	2	2	7	0	0	0.75	607	381	0	0.0
org.tribuo.anomaly.ImmutableAnomalyInfo	ImmutableAnomalyInfo	low	low	low	low	3	7	2	1	0	7	29	20	0	1	5	0	0	0.0	0.6	0.0	1	0.0
org.tribuo.anomaly.MutableAnomalyInfo	MutableAnomalyInfo	low	low	low	low	3	6	1	1	0	8	28	26	0	1	5	0	0	0.0	533	0.0	1	0.0
<Package>org.tribuo.anomaly.evaluation	org.tribuo.anomaly.evaluation	low	low	low-medium	low						25	191											
org.tribuo.anomaly.evaluation.AnomalyEvaluation	AnomalyEvaluation	low	low	low	low	0	7	0	1	1	8	9	7	0	0	7	0	0	0.0	0.0	0.0	0	0.0
org.tribuo.anomaly.evaluation.AnomalyEvaluationImpl	AnomalyEvaluationImpl	low	low	low-medium	low	5	13	4	0	0	9	71	27	2	0	9	0	0	0.0	444	1.0	0	0.0
org.tribuo.anomaly.evaluation.AnomalyEvaluator	AnomalyEvaluator	low	low	low	low	0	0	0	1	0	0	20	0	0	0	0	0	0	0.0	0.0	0.0	0	0.0
org.tribuo.anomaly.evaluation.AnomalyMetric	AnomalyMetric	low	low	low-medium	low	1	2	0	0	0	2	76	6	1	0	2	0	0	0.0	0.25	0.0	0	0.0
org.tribuo.anomaly.evaluation.AnomalyMetrics	AnomalyMetrics	low	low	low	low	1	1	0	0	0	1	15	2	1	7	1	0	0	0.0	0.0	0.0	0	0.0
<Package>org.tribuo.anomaly.example	org.tribuo.anomaly.example	low	low	low	low						14	137											
org.tribuo.anomaly.example.AnomalyDataGenerator	AnomalyDataGenerator	low	low-medium	low-medium	low	7	14	4	0	0	14	137	127	0	1	0	8	0	0.0	0.5	893	0	0.0
<Package>org.tribuo.anomaly.libsvm	org.tribuo.anomaly.libsvm	low	low	low	low						22	117											
org.tribuo.anomaly.libsvm.LibSVMAnomalyModel	LibSVMAnomalyModel	low-medium	low-medium	low	low	6	3	1	2	0	4	20	13	0	1	2	0	0	0.0	0.25	0.0	1	0.0
org.tribuo.anomaly.libsvm.LibSVMAnomalyTrainer	LibSVMAnomalyTrainer	low	low-medium	low	low-medium	10	12	6	1	0	8	47	24	0	0	5	0	0	0.0	667	0.0	2	0.0
org.tribuo.anomaly.libsvm.LibSVMAnomalyTrainerTest	LibSVMAnomalyTrainerTest	low	medium-high	low	low	11	18	12	0	0	1	20	18	0	0	1	0	0	0.0	0.0	0.0	0	0.0
org.tribuo.anomaly.libsvm.SVMAnomalyType	SVMAnomalyType	low	low	low	low	1	8	0	0	0	8	30	21	1	1	8	0	0	1.0	437	952	0	0.0
<Package>org.tribuo.classification	org.tribuo.classification	low	low-medium	medium-high	low						62	455											
org.tribuo.classification.Classifiable<T>	Classifiable	low	low	low	low	0	0	0	1	2	0	1	0	0	0	0	0	0	0.0	0.0	0.0	0	0.0
org.tribuo.classification.ClassificationOptions<TRAINER>	ClassificationOptions	low	low	low	low	0	1	0	1	9	1	2	1	0	0	1	0	0	0.0	0.0	0.0	0	0.0
org.tribuo.classification.ImmutableLabelInfo	ImmutableLabelInfo	low	low	low-medium	low-medium	2	8	1	1	0	11	94	44	0	1	7	0	1	0.0	657	0.0	0	143
org.tribuo.classification.Label	Label	low	low	low	low	0	4	0	0	0	10	46	16	1	1	4	0	0	0.75	375	0.5	0	0.0
org.tribuo.classification.LabelFactory	LabelFactory	low	low-medium	low	low	6	7	0	0	0	7	50	19	0	4	7	0	0	1125	429	1.0	0	0.0
org.tribuo.classification.LabelInfo	LabelInfo	low	low-medium	low-medium	low	6	9	1	0	2	9	58	27	1	1	8	0	0	0.0	583	1.0	0	0.0
org.tribuo.classification.MutableLabelInfo	MutableLabelInfo	low	low	low	low	3	6	1	1	0	6	33	19	0	1	5	0	0	0.0	533	0.0	0	0.0
org.tribuo.classification.TestLabelEvaluationUtil	TestLabelEvaluationUtil	low	low	low-medium	low	5	19	8	0	0	7	123	121	0	1	6	0	0	0.0	0.0	333	0	0.0
org.tribuo.classification.TrainTestHelper	TrainTestHelper	low	medium-high	low	low	11	25	13	0	0	6	31	28	0	1	1	1	0	0.0	375	0.0	1	0.0
org.tribuo.classification.Utils	Utils	low	low	low	low	1	0	0	0	0	0	15	0	0	1	0	0	0	0.0	0.0	0.0	0	0.0
org.tribuo.classification.WeightedLabels	WeightedLabels	low	low	low	low	0	0	0	1	2	1	2	0	0	0	0	0	0	0.0	0.0	0.0	0	0.0
<Package>org.tribuo.classification.baseline	org.tribuo.classification.baseline	low	low	low	low						30	186											
org.tribuo.classification.baseline.DummyClassifierModel	DummyClassifierModel	low	medium-high	low-medium	low	12	15	9	1	0	15	86	55	4	1	4	3	0	333	589	0.0	0	0.0
org.tribuo.classification.baseline.DummyClassifierTrainer	DummyClassifierTrainer	low	low	low-medium	low	2	7	0	0	0	9	75	25	3	0	4	3	0	667	357	0.6	0	0.0
org.tribuo.classification.baseline.TestDummyClassifier	TestDummyClassifier	low	low-medium	low	low	7	20	8	0	0	6	25	19	0	4	3	1	0	0.0	0.5	1.0	0	0.0
<Package>org.tribuo.classification.dtree	org.tribuo.classification.dtree	low	low	low-medium	low						27	230											
org.tribuo.classification.dtree.CARTClassificationOptions	CARTClassificationOptions	low	low	low	low	4	1	0	0	0	5	43	23	7	0	1	0	0	0.0	0.0	0.0	0	0.0
org.tribuo.classification.dtree.CARTClassificationTrainer	CARTClassificationTrainer	low	low-medium	low	low	8	7	1	1	0	6	40	22	1	0	6	0	0	0.0	583	0.9	0	0.0
org.tribuo.classification.dtree.TestCART	TestCART	low	medium-high	low	low	12	31	14	0	0	7	50	48	0	1	6	1	0	0.0	429	952	1	0.0
org.tribuo.classification.dtree.TestClassificationEnsembles	TestClassificationEnsembles	low	medium-high	low-medium	low	15	33	17	0	0	9	80	74	0	5	8	1	0	933	519	917	1	0.0
org.tribuo.classification.dtree.TrainTest	TrainTest	low	low	low	low	0	0	0	0	0	0	17	0	0	0	0	0	0	0.0	0.0	0.0	0	0.0
<Package>org.tribuo.classification.dtree.impl	org.tribuo.classification.dtree.impl	low	low	low-medium	low						52	370											
org.tribuo.classification.dtree.impl.ClassifierTrainingNode	ClassifierTrainingNode	low	low-medium	low-medium	low	9	12	8	1	0	6	148	24	4	1	3	0	0	1.0	444	667	1	0.0
org.tribuo.classification.dtree.impl.InvertedFeature	InvertedFeature	low-medium	low	low-medium	low-medium	2	11	2	0	0	33	152	123	8	1	11	0	0	611	682	333	0	0.0
org.tribuo.classification.dtree.impl.TreeFeature	TreeFeature	low	low	low-medium	low-medium	4	15	7	0	0	13	70	47	5	0	6	0	0	0.6	633	0.5	1	0.0
<Package>org.tribuo.classification.dtree.impurity	org.tribuo.classification.dtree.impurity	low	low	low	low						14	84											
org.tribuo.classification.dtree.impurity.Entropy	Entropy	low	low	low	low	1	2	0	0	0	4	15	11	0	0	2	0	0	0.0	0.25	0.0	0	0.0
org.tribuo.classification.dtree.impurity.GiniIndex	GiniIndex	low	low	low	low	1	2	0	0	0	3	14	10	0	0	2	0	0	0.0	0.25	0.0	0	0.0
org.tribuo.classification.dtree.impurity.LabelImpurity	LabelImpurity	low	low	low-medium	low	0	6	1	1	2	7	55	6	0	0	6	0	0	0.0	0.5	0.0	0	0.0
<Package>org.tribuo.classification.ensemble	org.tribuo.classification.ensemble	low	low	low-medium	low						17	253											
org.tribuo.classification.ensemble.AdaBoostTrainer	AdaBoostTrainer	low	low	low-medium	low	2	6	1	0	0	6	107	17	4	0	6	0	0	875	542	0.9	0	0.0
org.tribuo.classification.ensemble.ClassificationEnsembleOptions	ClassificationEnsembleOptions	low	low	low	low	5	1	0	0	0	7	28	19	3	0	1	0	0	0.0	0.0	0.0	0	0.0
org.tribuo.classification.ensemble.FullyWeightedVotingCombiner	FullyWeightedVotingCombiner	low	low	low-medium	low	1	2	0	0	0	2	62	4	0	1	2	0	0	0.0	0.0	0.0	0	0.0
org.tribuo.classification.ensemble.VotingCombiner	VotingCombiner	low	low	low-medium	low	1	2	0	0	0	2	56	4	0	1	2	0	0	0.0	0.0	0.0	0	0.0
<Package>org.tribuo.classification.evaluation	org.tribuo.classification.evaluation	low	medium-high	medium-high	low						177	1153											
org.tribuo.classification.evaluation.ClassifierEvaluation<T>	ClassifierEvaluation	low-medium	low	low-medium	low	1	24	0	1	2	24	25	24	0	0	24	0	0	0.0	333	0.0	0	0.0
org.tribuo.classification.evaluation.ConfusionMatrix<T>	ConfusionMatrix	low	low	low	low	1	12	1	1	2	13	22	12	0	0	12	0	0	0.0	0.25	0.0	0	0.0
org.tribuo.classification.evaluation.ConfusionMetrics	ConfusionMetrics	low-medium	low	low-medium	low-medium	4	29	13	0	0	33	106	75	0	0	1	21	0	0.0	0.63	0.0	0	0.0
org.tribuo.classification.evaluation.ConfusionMetricsTest	ConfusionMetricsTest	low	low	low	low	5	11	4	0	0	1	17	16	0	0	1	0	0	0.0	0.0	0.0	0	0.0
org.tribuo.classification.evaluation.EvaluationAggregationTests	EvaluationAggregationTests	low	medium-high	low-medium	low	16	34	19	0	0	10	152	144	0	1	3	5	0	0.0	0.0	0.25	1	0.0
org.tribuo.classification.evaluation.LabelConfusionMatrix	LabelConfusionMatrix	low	low	low-medium	low	3	12	4	0	0	14	131	41	3	0	9	0	0	833	111	964	0	0.0
org.tribuo.classification.evaluation.LabelConfusionMatrixTest	LabelConfusionMatrixTest	low	low	low	low	4	13	8	0	0	1	38	37	0	0	1	0	0	0.0	0.0	0.0	0	0.0
org.tribuo.classification.evaluation.LabelEvaluation	LabelEvaluation	low	low	low-medium	low	2	6	0	1	1	9	105	6	0	0	6	0	0	0.0	389	0.0	0	0.0
org.tribuo.classification.evaluation.LabelEvaluationImpl	LabelEvaluationImpl	low-medium	low-medium	medium-high	medium-high	10	41	8	0	0	39	138	115	4	0	34	0	0	833	0.74	987	0	0.0
org.tribuo.classification.evaluation.LabelEvaluationUtil	LabelEvaluationUtil	low	low	low-medium	low	2	11	7	0	0	17	98	71	0	0	1	5	0	0.0	111	0.0	0	0.0
org.tribuo.classification.evaluation.LabelEvaluator	LabelEvaluator	low	low	low	low	0	0	0	1	0	0	45	0	0	0	0	0	0	0.0	0.0	0.0	0	0.0
org.tribuo.classification.evaluation.LabelEvaluatorTest	LabelEvaluatorTest	low	low-medium	low-medium	low	8	24	19	0	0	5	162	161	0	0	5	0	0	0.0	0.0	0.0	0	0.0
org.tribuo.classification.evaluation.LabelMetric	LabelMetric	low	low	low	low	1	3	0	0	0	3	48	9	1	0	3	0	0	0.0	333	0.0	0	0.0
org.tribuo.classification.evaluation.LabelMetrics	LabelMetrics	low	low	low-medium	low	2	1	0	0	0	1	55	2	0	11	1	0	0	0.0	0.0	0.0	0	0.0
org.tribuo.classification.evaluation.TestUtils	TestUtils	low	low	low	low	0	0	0	0	0	0	11	0	0	0	0	0	0	0.0	0.0	0.0	0	0.0
<Package>org.tribuo.classification.example	org.tribuo.classification.example	low	low	low	low						9	160											
org.tribuo.classification.example.LabelledDataGenerator	LabelledDataGenerator	low	low-medium	low-medium	low	8	15	4	0	0	9	160	158	0	1	1	8	0	0.0	333	893	0	0.0
<Package>org.tribuo.classification.experiments	org.tribuo.classification.experiments	low	low	low-medium	low						23	357											
org.tribuo.classification.experiments.AllTrainerOptions	AllTrainerOptions	low	medium-high	low-medium	low	12	20	10	0	0	13	59	43	11	0	1	0	0	0.0	0.0	0.0	0	0.0
org.tribuo.classification.experiments.ConfigurableTrainTest	ConfigurableTrainTest	low	low	low-medium	low	0	0	0	0	0	0	97	0	0	0	0	0	0	0.0	0.0	0.0	0	0.0
org.tribuo.classification.experiments.RunAll	RunAll	low	low	low-medium	low	0	0	0	0	0	0	57	0	0	0	0	0	0	0.0	0.0	0.0	0	0.0
org.tribuo.classification.experiments.Test	Test	low	medium-high	low-medium	low	15	13	5	0	0	10	128	52	0	0	0	1	0	0.0	0.0	0.0	1	0.0
org.tribuo.classification.experiments.TrainTest	TrainTest	low	low	low	low	0	0	0	0	0	0	16	0	0	0	0	0	0	0.0	0.0	0.0	0	0.0
<Package>org.tribuo.classification.explanations	org.tribuo.classification.explanations	low	low	low	low						6	10											
org.tribuo.classification.explanations.ColumnarExplainer<T>	ColumnarExplainer	low	low	low	low	0	0	0	1	1	1	2	0	0	0	0	0	0	0.0	0.0	0.0	0	0.0
org.tribuo.classification.explanations.Explanation<T>	Explanation	low	low	low	low	2	2	0	1	1	3	4	2	0	0	2	0	0	0.0	0.0	0.0	0	0.0
org.tribuo.classification.explanations.TabularExplainer<T>	TabularExplainer	low	low	low	low	2	1	0	1	1	1	2	1	0	0	1	0	0	0.0	0.0	0.0	0	0.0
org.tribuo.classification.explanations.TextExplainer<T>	TextExplainer	low	low	low	low	0	0	0	1	1	1	2	0	0	0	0	0	0	0.0	0.0	0.0	0	0.0
<Package>org.tribuo.classification.explanations.lime	org.tribuo.classification.explanations.lime	low	low-medium	low-medium	low						66	751											
org.tribuo.classification.explanations.lime.LIMEBase	LIMEBase	low-medium	medium-high	low-medium	low-medium	18	14	11	0	2	24	153	84	6	4	2	5	0	1.6	607	1.0	1	0.0
org.tribuo.classification.explanations.lime.LIMEColumnar	LIMEColumnar	low	low	low-medium	low	4	0	0	1	0	0	207	0	6	0	0	0	0	0.0	0.0	0.0	0	0.0
org.tribuo.classification.explanations.lime.LIMEColumnarTest	LIMEColumnarTest	low-medium	high	low-medium	low	22	9	6	0	0	35	174	172	0	1	5	0	0	0.0	0.0	667	0	0.0
org.tribuo.classification.explanations.lime.LIMEExplanation	LIMEExplanation	low	low	low	low	3	4	0	0	0	4	25	12	3	1	4	0	0	833	562	0.5	0	0.0
org.tribuo.classification.explanations.lime.LIMEText	LIMEText	low	low	low	low	2	0	0	1	0	0	50	0	2	0	0	0	0	0.0	0.0	0.0	0	0.0
org.tribuo.classification.explanations.lime.LIMETextCLI	LIMETextCLI	low	low-medium	low-medium	low	9	4	1	0	0	3	111	11	8	0	3	0	0	1.75	0.0	667	0	0.0
org.tribuo.classification.explanations.lime.MNISTDemo	MNISTDemo	low	low	low	low	0	0	0	0	0	0	31	0	0	1	0	0	0	0.0	0.0	0.0	0	0.0
<Package>org.tribuo.classification.liblinear	org.tribuo.classification.liblinear	low	low-medium	low-medium	low						61	422											
org.tribuo.classification.liblinear.LibLinearClassificationModel	LibLinearClassificationModel	low-medium	medium-high	low-medium	low	10	11	9	2	0	17	133	65	0	1	3	0	0	0.0	333	0.0	3	0.0
org.tribuo.classification.liblinear.LibLinearClassificationTrainer	LibLinearClassificationTrainer	low	low-medium	low-medium	low-medium	10	20	12	1	0	11	66	43	0	0	6	0	0	0.0	643	0.0	1	0.0
org.tribuo.classification.liblinear.LibLinearOptions	LibLinearOptions	low	low	low	low	3	1	0	0	0	1	15	3	4	0	1	0	0	0.0	0.0	0.0	0	0.0
org.tribuo.classification.liblinear.LinearClassificationType	LinearClassificationType	low	low	low	low	2	7	1	0	0	6	33	15	1	1	6	0	0	1.0	417	0.9	1	0.0
org.tribuo.classification.liblinear.TestLibLinearModel	TestLibLinearModel	low-medium	medium-high	low-medium	medium-high	18	43	23	0	0	23	157	113	0	1	14	2	0	0.0	712	978	1	0.0
org.tribuo.classification.liblinear.TrainTest	TrainTest	low	low	low	low	0	0	0	0	0	0	18	0	0	0	0	0	0	0.0	0.0	0.0	0	0.0
<Package>org.tribuo.classification.libsvm	org.tribuo.classification.libsvm	low	low-medium	low-medium	low						55	351											
org.tribuo.classification.libsvm.LibSVMClassificationModel	LibSVMClassificationModel	low-medium	low-medium	low-medium	low	7	6	4	2	0	11	58	37	0	1	2	0	0	0.0	0.25	0.0	2	0.0
org.tribuo.classification.libsvm.LibSVMClassificationTrainer	LibSVMClassificationTrainer	low	low-medium	low-medium	low	9	16	9	1	0	10	63	39	0	0	5	0	0	0.0	0.6	0.0	1	0.0
org.tribuo.classification.libsvm.LibSVMOptions	LibSVMOptions	low	low	low	low	5	4	3	0	0	1	21	7	5	0	1	0	0	0.0	0.0	0.0	0	0.0
org.tribuo.classification.libsvm.SVMClassificationType	SVMClassificationType	low	low	low	low	1	8	0	0	0	8	31	21	1	1	8	0	0	0.75	437	857	0	0.0
org.tribuo.classification.libsvm.TestLibSVM	TestLibSVM	low-medium	medium-high	low-medium	medium-high	19	42	23	0	0	23	157	112	0	1	13	2	0	0.0	762	972	1	0.0
org.tribuo.classification.libsvm.TrainTest	TrainTest	low	low	low	low	0	0	0	0	0	0	21	0	0	0	0	0	0	0.0	0.0	0.0	0	0.0
<Package>org.tribuo.classification.mnb	org.tribuo.classification.mnb	low	low	low-medium	low						21	188											
org.tribuo.classification.mnb.MultinomialNaiveBayesModel	MultinomialNaiveBayesModel	low	low-medium	low-medium	low	9	24	14	1	0	8	68	32	2	2	1	0	0	0.0	0.0	0.0	0	0.0
org.tribuo.classification.mnb.MultinomialNaiveBayesOptions	MultinomialNaiveBayesOptions	low	low	low	low	1	1	0	0	0	1	6	3	1	0	1	0	0	0.0	0.0	0.0	0	0.0
org.tribuo.classification.mnb.MultinomialNaiveBayesTrainer	MultinomialNaiveBayesTrainer	low	low	low	low	2	4	0	0	0	5	47	12	2	0	4	0	0	1.0	375	1.0	0	0.0
org.tribuo.classification.mnb.TestMNB	TestMNB	low	medium-high	low	low	11	28	14	0	0	7	50	48	0	1	6	1	0	0.0	429	952	1	0.0
org.tribuo.classification.mnb.TrainTest	TrainTest	low	low	low	low	0	0	0	0	0	0	17	0	0	0	0	0	0	0.0	0.0	0.0	0	0.0
<Package>org.tribuo.classification.sequence	org.tribuo.classification.sequence	low	low	low	low						32	197											
org.tribuo.classification.sequence.ConfidencePredictingSequenceModel	ConfidencePredictingSequenceModel	low	low	low	low	0	0	0	1	1	0	27	0	0	1	0	0	0	0.0	0.0	0.0	0	0.0
org.tribuo.classification.sequence.LabelSequenceEvaluation	LabelSequenceEvaluation	low-medium	low-medium	low-medium	low-medium	8	35	6	0	0	30	123	64	3	0	30	0	0	1.0	0.7	997	0	0.0
org.tribuo.classification.sequence.LabelSequenceEvaluator	LabelSequenceEvaluator	low	low	low	low	0	0	0	1	0	0	47	0	0	0	0	0	0	0.0	0.0	0.0	0	0.0
<Package>org.tribuo.classification.sequence.example	org.tribuo.classification.sequence.example	low	low	low	low						8	94											
org.tribuo.classification.sequence.example.SequenceDataGenerator	SequenceDataGenerator	low	low-medium	low-medium	low	8	8	3	0	0	8	94	92	0	1	1	6	0	0.0	429	1.0	0	0.0
<Package>org.tribuo.classification.sequence.viterbi	org.tribuo.classification.sequence.viterbi	low	low-medium	medium-high	low						18	284											
org.tribuo.classification.sequence.viterbi.DefaultFeatureExtractor	DefaultFeatureExtractor	low	low	low-medium	low	1	3	0	0	0	3	54	11	5	1	3	0	0	0.0	444	1.0	0	0.0
org.tribuo.classification.sequence.viterbi.DefaultOutcomeFeatureExtractorTest	DefaultOutcomeFeatureExtractorTest	low	low	low	low	3	1	0	0	0	1	26	25	0	0	1	0	0	0.0	0.0	0.0	0	0.0
org.tribuo.classification.sequence.viterbi.LabelFeatureExtractor	LabelFeatureExtractor	low	low	low	low	0	0	0	1	2	1	2	0	0	0	0	0	0	0.0	0.0	0.0	0	0.0
org.tribuo.classification.sequence.viterbi.NoopFeatureExtractor	NoopFeatureExtractor	low	low	low	low	1	1	0	0	0	1	11	3	0	1	1	0	0	0.0	0.0	0.0	0	0.0
org.tribuo.classification.sequence.viterbi.ViterbiModel	ViterbiModel	low	low	low-medium	low	2	2	0	1	0	2	104	4	4	1	2	0	0	1.6	0.0	1.0	0	0.0
org.tribuo.classification.sequence.viterbi.ViterbiModelTest	ViterbiModelTest	low	low	low	low	1	1	0	0	0	1	14	13	0	0	1	0	0	0.0	0.0	0.0	0	0.0
org.tribuo.classification.sequence.viterbi.ViterbiTrainer	ViterbiTrainer	low	low	low-medium	low	5	4	0	0	0	4	59	15	5	0	4	0	0	1.0	0.45	1.0	0	0.0
org.tribuo.classification.sequence.viterbi.ViterbiTrainerOptions	ViterbiTrainerOptions	low	low-medium	low	low	6	1	0	0	0	2	14	5	3	0	1	0	0	0.0	0.0	0.0	0	0.0
<Package>org.tribuo.classification.sgd	org.tribuo.classification.sgd	low	low	low-medium	low						5	122											
org.tribuo.classification.sgd.LabelObjective	LabelObjective	low	low	low	low	3	3	0	1	2	3	4	3	0	0	3	0	0	0.0	444	0.0	0	0.0
org.tribuo.classification.sgd.TrainTest	TrainTest	low	low	low	low	0	0	0	0	0	0	17	0	0	0	0	0	0	0.0	0.0	0.0	0	0.0
org.tribuo.classification.sgd.Util	Util	low	low	low-medium	low	0	0	0	0	0	0	101	0	0	0	0	0	0	0.0	0.0	0.0	0	0.0
<Package>org.tribuo.classification.sgd.crf	org.tribuo.classification.sgd.crf	low	low-medium	medium-high	low						97	678											
org.tribuo.classification.sgd.crf.CRFModel	CRFModel	low-medium	low-medium	low-medium	low	8	14	7	2	0	12	133	34	2	1	2	2	0	1333	542	1.0	2	0.0
org.tribuo.classification.sgd.crf.CRFOptions	CRFOptions	low	low	low	low	2	5	1	0	0	1	12	2	5	0	1	0	0	0.0	0.0	0.0	0	0.0
org.tribuo.classification.sgd.crf.CRFParameters	CRFParameters	low-medium	medium-high	low-medium	low	12	43	19	0	0	23	124	103	6	2	14	0	0	773	0.5	628	0	0.0
org.tribuo.classification.sgd.crf.CRFTrainer	CRFTrainer	low	low	low-medium	low	3	8	1	0	0	8	110	23	7	0	8	0	0	952	0.55	952	0	0.0
org.tribuo.classification.sgd.crf.CRFTrainerTest	CRFTrainerTest	low	low-medium	low	low	5	12	3	0	0	5	34	31	0	2	4	1	0	0.0	0.0	1.0	0	0.0
org.tribuo.classification.sgd.crf.ChainHelper	ChainHelper	low-medium	low	low-medium	low	2	18	13	0	0	43	154	129	0	0	1	5	0	0.0	0.6	0.0	0	0.0
org.tribuo.classification.sgd.crf.Chunk	Chunk	low	low	low	low	0	2	0	0	0	2	8	5	2	0	2	0	0	0.0	0.0	0.0	0	0.0
org.tribuo.classification.sgd.crf.SeqTest	SeqTest	low	low	low-medium	low	0	0	0	0	0	0	103	0	0	0	0	0	0	0.0	0.0	0.0	0	0.0
<Package>org.tribuo.classification.sgd.kernel	org.tribuo.classification.sgd.kernel	low	low	low-medium	low						25	260											
org.tribuo.classification.sgd.kernel.KernelSVMModel	KernelSVMModel	low	low-medium	low	low	8	15	9	1	0	6	47	23	3	1	2	0	0	1.0	0.25	0.0	1	0.0
org.tribuo.classification.sgd.kernel.KernelSVMOptions	KernelSVMOptions	low	low-medium	low	low	6	1	0	0	0	5	45	26	8	0	1	0	0	0.0	0.0	0.0	0	0.0
org.tribuo.classification.sgd.kernel.KernelSVMTrainer	KernelSVMTrainer	low	low	low-medium	low-medium	3	7	1	0	0	7	109	21	7	0	7	0	0	952	619	933	0	0.0
org.tribuo.classification.sgd.kernel.TestSGDKernel	TestSGDKernel	low	low-medium	low	low	6	26	8	0	0	7	44	42	0	1	5	2	0	0.0	429	1.0	0	0.0
org.tribuo.classification.sgd.kernel.TrainTest	TrainTest	low	low	low	low	0	0	0	0	0	0	15	0	0	0	0	0	0	0.0	0.0	0.0	0	0.0
<Package>org.tribuo.classification.sgd.linear	org.tribuo.classification.sgd.linear	low	low	low-medium	low						25	282											
org.tribuo.classification.sgd.linear.LinearSGDModel	LinearSGDModel	low	low-medium	low-medium	low	8	14	8	1	0	4	82	18	2	1	1	0	0	0.0	0.0	0.0	1	0.0
org.tribuo.classification.sgd.linear.LinearSGDOptions	LinearSGDOptions	low	low	low	low	5	6	2	0	0	4	26	12	6	0	2	0	0	1.0	0.0	1.0	0	0.0
org.tribuo.classification.sgd.linear.LinearSGDTrainer	LinearSGDTrainer	low	low	low-medium	low	4	8	1	0	1	8	115	24	8	0	8	0	0	958	562	952	0	0.0
org.tribuo.classification.sgd.linear.LogisticRegressionTrainer	LogisticRegressionTrainer	low	low	low	low	3	1	0	1	0	1	4	2	0	0	1	0	0	0.0	0.0	0.0	0	0.0
org.tribuo.classification.sgd.linear.TestSGDLinear	TestSGDLinear	low	medium-high	low-medium	low	14	32	14	0	0	8	55	53	0	1	6	2	0	0.0	437	1.0	1	0.0
<Package>org.tribuo.classification.sgd.objectives	org.tribuo.classification.sgd.objectives	low	low	low	low						12	62											
org.tribuo.classification.sgd.objectives.Hinge	Hinge	low	low-medium	low	low-medium	6	11	5	0	0	8	41	35	1	0	6	0	0	0.0	625	933	0	0.0
org.tribuo.classification.sgd.objectives.LogMulticlass	LogMulticlass	low	low	low	low	5	8	4	0	0	4	21	16	1	0	4	0	0	0.0	0.5	1.0	0	0.0
<Package>org.tribuo.classification.xgboost	org.tribuo.classification.xgboost	low	low-medium	low-medium	low						35	280											
org.tribuo.classification.xgboost.TestXGBoost	TestXGBoost	low	medium-high	low-medium	low-medium	15	37	19	0	0	18	109	82	0	2	12	0	0	0.75	0.7	964	1	0.0
org.tribuo.classification.xgboost.TestXGBoostExternalModel	TestXGBoostExternalModel	low	medium-high	low	low	11	8	6	0	0	6	41	40	0	0	2	0	0	0.0	0.0	0.0	1	0.0
org.tribuo.classification.xgboost.TrainTest	TrainTest	low	low	low	low	0	0	0	0	0	0	15	0	0	0	0	0	0	0.0	0.0	0.0	0	0.0
org.tribuo.classification.xgboost.XGBoostClassificationConverter	XGBoostClassificationConverter	low	low	low	low	0	2	0	0	0	2	41	4	0	1	2	0	0	0.0	0.0	0.0	0	0.0
org.tribuo.classification.xgboost.XGBoostClassificationTrainer	XGBoostClassificationTrainer	low	low	low	low	3	7	2	1	0	7	44	17	0	0	6	0	0	0.0	567	0.0	0	0.0
org.tribuo.classification.xgboost.XGBoostOptions	XGBoostOptions	low	low	low	low	1	1	0	0	0	2	30	5	12	0	1	0	0	0.0	0.0	0.0	0	0.0
<Package>org.tribuo.clustering	org.tribuo.clustering	low	low	low-medium	low						42	213											
org.tribuo.clustering.ClusterID	ClusterID	low	low	low	low-medium	0	7	0	0	0	11	43	20	2	2	7	0	0	0.75	607	381	0	0.0
org.tribuo.clustering.ClusteringFactory	ClusteringFactory	low	low-medium	low	low	6	7	0	0	0	7	50	19	0	4	7	0	0	1125	429	1.0	0	0.0
org.tribuo.clustering.ClusteringInfo	ClusteringInfo	low	low	low-medium	low	4	7	0	0	2	7	52	18	1	1	7	0	0	0.0	429	1.0	0	0.0
org.tribuo.clustering.ImmutableClusteringInfo	ImmutableClusteringInfo	low	low	low	low	1	6	1	1	0	7	48	21	0	1	5	0	1	0.0	0.6	0.0	1	0.2
org.tribuo.clustering.MutableClusteringInfo	MutableClusteringInfo	low	low	low	low	3	7	2	1	0	6	20	18	0	1	5	0	0	0.0	533	0.0	1	0.0
<Package>org.tribuo.clustering.evaluation	org.tribuo.clustering.evaluation	low	low	low-medium	low						12	147											
org.tribuo.clustering.evaluation.ClusteringEvaluation	ClusteringEvaluation	low	low	low	low	0	2	0	1	1	2	3	2	0	0	2	0	0	0.0	0.0	0.0	0	0.0
org.tribuo.clustering.evaluation.ClusteringEvaluationImpl	ClusteringEvaluationImpl	low	low-medium	low	low	7	8	4	0	0	4	32	13	2	0	4	0	0	0.0	0.5	1.0	0	0.0
org.tribuo.clustering.evaluation.ClusteringEvaluator	ClusteringEvaluator	low	low	low	low	0	0	0	1	0	0	16	0	0	0	0	0	0	0.0	0.0	0.0	0	0.0
org.tribuo.clustering.evaluation.ClusteringMetric	ClusteringMetric	low	low	low	low	1	2	0	0	0	2	46	6	1	0	2	0	0	0.0	0.25	0.0	0	0.0
org.tribuo.clustering.evaluation.ClusteringMetrics	ClusteringMetrics	low	low	low	low	3	3	0	0	0	4	50	14	0	2	1	2	0	0.0	333	1.0	0	0.0
<Package>org.tribuo.clustering.example	org.tribuo.clustering.example	low	low	low	low						9	129											
org.tribuo.clustering.example.ClusteringDataGenerator	ClusteringDataGenerator	low	medium-high	low-medium	low	12	16	5	0	0	9	129	127	0	1	0	7	0	0.0	524	857	0	0.0
<Package>org.tribuo.clustering.kmeans	org.tribuo.clustering.kmeans	low	low	low-medium	low						24	305											
org.tribuo.clustering.kmeans.KMeansModel	KMeansModel	low	low-medium	low	low	6	18	7	1	0	9	50	30	2	1	2	0	0	1.0	0.25	0.0	0	0.0
org.tribuo.clustering.kmeans.KMeansOptions	KMeansOptions	low	low	low	low	2	1	0	0	0	1	15	3	5	0	1	0	0	0.0	0.0	0.0	0	0.0
org.tribuo.clustering.kmeans.KMeansTrainer	KMeansTrainer	low	low	low-medium	low-medium	4	6	1	0	0	6	152	20	6	0	6	0	0	917	667	0.9	0	0.0
org.tribuo.clustering.kmeans.TestKMeans	TestKMeans	low	low-medium	low	low	9	30	10	0	0	7	49	47	0	1	5	2	0	0.0	429	1.0	0	0.0
org.tribuo.clustering.kmeans.TrainTest	TrainTest	low	low	low	low	0	0	0	0	0	0	39	0	0	0	0	0	0	0.0	0.0	0.0	0	0.0
<Package>org.tribuo.common.liblinear	org.tribuo.common.liblinear	low	low	low	low						15	128											
org.tribuo.common.liblinear.LibLinearModel<T>	LibLinearModel	low	low	low	low	3	3	0	1	2	4	35	11	0	1	2	1	1	0.0	0.5	0.0	0	0.5
org.tribuo.common.liblinear.LibLinearTrainer<T>	LibLinearTrainer	low	low-medium	low-medium	low-medium	9	10	3	0	2	8	89	23	7	0	8	0	0	714	679	1.0	0	0.0
org.tribuo.common.liblinear.LibLinearType<T>	LibLinearType	low	low	low	low	1	3	0	1	2	3	4	3	0	0	3	0	0	0.0	0.0	0.0	0	0.0
<Package>org.tribuo.common.libsvm	org.tribuo.common.libsvm	low	low	low-medium	low						57	308											
org.tribuo.common.libsvm.KernelType	KernelType	low	low	low	low	0	3	0	0	0	7	22	16	1	4	2	1	0	0.9	167	1.0	0	0.0
org.tribuo.common.libsvm.LibSVMModel<T>	LibSVMModel	low	low	low	low	3	2	1	1	3	15	50	29	0	1	0	1	0	0.0	0.0	0.0	0	0.0
org.tribuo.common.libsvm.LibSVMTrainer<T>	LibSVMTrainer	low	medium-high	low-medium	low-medium	11	15	7	0	3	10	119	42	14	0	8	0	0	667	0.65	1.0	2	0.0
org.tribuo.common.libsvm.SVMParameters<T>	SVMParameters	low	low	low-medium	medium-high	3	18	4	0	0	20	111	66	3	1	13	1	0	729	714	352	1	0.0
org.tribuo.common.libsvm.SVMType<T>	SVMType	low	low	low	low	0	5	0	1	3	5	6	5	0	0	5	0	0	0.0	0.0	0.0	0	0.0
<Package>org.tribuo.common.nearest	org.tribuo.common.nearest	low	low	low-medium	low						19	359											
org.tribuo.common.nearest.KNNClassifierOptions	KNNClassifierOptions	low	low-medium	low	low	6	2	1	0	0	4	26	11	5	0	2	0	0	1.0	0.0	0.0	0	0.0
org.tribuo.common.nearest.KNNModel<T>	KNNModel	low	low-medium	low-medium	low	6	5	1	1	0	6	283	28	6	1	1	0	1	0.0	0.0	0.0	0	1.0
org.tribuo.common.nearest.KNNTrainer<T>	KNNTrainer	low	low	low	low-medium	4	5	1	0	0	6	50	18	6	0	5	0	0	917	0.64	833	0	0.0
<Package>org.tribuo.common.tree	org.tribuo.common.tree	low	low-medium	low-medium	low						46	323											
org.tribuo.common.tree.AbstractCARTTrainer<T>	AbstractCARTTrainer	low	low	low-medium	low-medium	3	6	0	0	3	6	73	18	5	1	6	0	0	944	633	1.0	0	0.0
org.tribuo.common.tree.AbstractTrainingNode<T>	AbstractTrainingNode	low	low	low	low	1	8	1	0	3	9	34	24	7	1	7	0	0	938	571	933	0	0.0
org.tribuo.common.tree.DecisionTreeTrainer<T>	DecisionTreeTrainer	low	low	low	low	0	1	0	1	1	1	2	1	0	0	1	0	0	0.0	0.0	0.0	0	0.0
org.tribuo.common.tree.LeafNode<T>	LeafNode	low	low	low	low-medium	4	7	1	0	0	6	32	16	3	1	6	0	0	0.75	625	733	0	0.0
org.tribuo.common.tree.Node<T>	Node	low	low	low	low	1	4	0	1	3	4	5	4	0	0	4	0	0	0.0	375	0.0	0	0.0
org.tribuo.common.tree.RandomForestTrainer<T>	RandomForestTrainer	low	low	low	low	2	6	2	1	0	6	33	14	0	0	4	0	1	0.0	0.45	0.0	0	0.25
org.tribuo.common.tree.SplitNode<T>	SplitNode	low	low	low	medium-high	1	11	2	0	0	10	40	30	5	1	9	0	0	0.69	711	528	0	0.0
org.tribuo.common.tree.TreeModel<T>	TreeModel	low-medium	low-medium	low-medium	low	5	8	4	2	1	3	104	11	1	1	1	0	0	0.0	0.0	0.0	1	0.0
<Package>org.tribuo.common.tree.impl	org.tribuo.common.tree.impl	low	low	low	low						22	94											
org.tribuo.common.tree.impl.IntArrayContainer	IntArrayContainer	low-medium	low	low-medium	low	0	7	1	0	0	22	94	79	2	0	5	2	0	83	286	0.0	0	0.0
<Package>org.tribuo.common.xgboost	org.tribuo.common.xgboost	low	low	low-medium	low						32	510											
org.tribuo.common.xgboost.TestXGBoost	TestXGBoost	low	low	low	low	3	3	2	0	0	1	44	21	0	0	1	0	0	0.0	0.0	0.0	0	0.0
org.tribuo.common.xgboost.XGBoostExternalModel<T>	XGBoostExternalModel	low-medium	low-medium	low-medium	low	8	6	2	2	0	5	113	17	2	1	3	0	0	1333	556	0.0	1	0.0
org.tribuo.common.xgboost.XGBoostModel<T>	XGBoostModel	low	low-medium	low-medium	low	7	6	3	1	0	9	125	26	1	1	2	1	1	0.0	0.5	1.0	0	0.5
org.tribuo.common.xgboost.XGBoostOutputConverter<T>	XGBoostOutputConverter	low	low	low	low	0	1	0	1	2	3	4	1	0	0	1	0	0	0.0	0.0	0.0	0	0.0
org.tribuo.common.xgboost.XGBoostTrainer<T>	XGBoostTrainer	low	low-medium	low-medium	medium-high	6	11	2	0	2	11	224	52	14	0	6	3	0	607	753	1.0	0	0.0
<Package>org.tribuo.data	org.tribuo.data	low	low	medium-high	low						22	378											
org.tribuo.data.CompletelyConfigurableTrainTest	CompletelyConfigurableTrainTest	low	low	low-medium	low	0	1	0	0	0	1	62	1	0	0	1	0	0	0.0	0.0	0.0	0	0.0
org.tribuo.data.ConfigurableTrainTest	ConfigurableTrainTest	low	low	low-medium	low	0	1	0	0	0	1	80	1	0	0	1	0	0	0.0	0.0	0.0	0	0.0
org.tribuo.data.DataOptions	DataOptions	low	medium-high	low-medium	low	20	14	12	0	0	15	126	88	9	0	2	0	0	0.0	333	1.0	3	0.0
org.tribuo.data.DatasetExplorer	DatasetExplorer	low	low	low-medium	low	5	4	1	0	0	3	83	11	2	0	3	0	0	1.0	0.0	667	0	0.0
org.tribuo.data.PreprocessAndSerialize	PreprocessAndSerialize	low	low	low	low	0	1	0	0	0	1	27	1	0	0	1	0	0	0.0	0.0	0.0	0	0.0
<Package>org.tribuo.data.columnar	org.tribuo.data.columnar	low	low-medium	medium-high	low						56	444											
org.tribuo.data.columnar.ColumnarDataSource<T>	ColumnarDataSource	low	low	low	low	3	4	0	0	3	4	50	9	3	0	4	0	0	667	562	0.0	0	0.0
org.tribuo.data.columnar.ColumnarFeature	ColumnarFeature	low	low	low	low	0	0	0	1	0	0	32	0	0	1	0	0	0	0.0	0.0	0.0	0	0.0
org.tribuo.data.columnar.ColumnarIterator	ColumnarIterator	low	low	low-medium	low	0	4	1	1	3	6	54	19	0	0	4	0	0	0.0	0.5	0.0	0	0.0
org.tribuo.data.columnar.FeatureProcessor	FeatureProcessor	low	low	low	low	0	0	0	1	1	1	2	0	0	0	0	0	0	0.0	0.0	0.0	0	0.0
org.tribuo.data.columnar.FieldExtractor<T>	FieldExtractor	low	low	low	low	0	0	0	1	2	3	4	0	0	0	0	0	0	0.0	0.0	0.0	0	0.0
org.tribuo.data.columnar.FieldProcessor	FieldProcessor	low	low	low	low	0	2	0	1	4	5	13	2	0	0	2	0	0	0.0	0.0	0.0	0	0.0
org.tribuo.data.columnar.MockResponseProcessor	MockResponseProcessor	low	low	low	low	3	3	0	0	0	3	22	7	0	0	3	0	0	0.0	0.0	0.0	0	0.0
org.tribuo.data.columnar.ResponseProcessor<T>	ResponseProcessor	low	low	low	low	1	1	0	1	4	4	6	1	0	0	1	0	0	0.0	0.0	0.0	0	0.0
org.tribuo.data.columnar.RowProcessor<T>	RowProcessor	low	low-medium	low-medium	low	6	10	3	0	0	12	178	36	3	0	8	0	0	778	583	905	1	0.0
org.tribuo.data.columnar.RowProcessorTest	RowProcessorTest	low	medium-high	low-medium	low	12	9	7	0	0	8	83	82	0	0	2	0	0	0.0	0.0	0.0	2	0.0
<Package>org.tribuo.data.columnar.extractors	org.tribuo.data.columnar.extractors	low	low-medium	low-medium	low						20	171											
org.tribuo.data.columnar.extractors.DateExtractor	DateExtractor	low	low	low	low	1	3	0	1	0	6	39	12	0	0	3	0	1	0.0	0.0	0.0	0	333
org.tribuo.data.columnar.extractors.DoubleExtractor	DoubleExtractor	low	low	low	low	1	2	0	1	0	2	21	4	0	0	2	0	0	0.0	0.0	0.0	0	0.0
org.tribuo.data.columnar.extractors.FloatExtractor	FloatExtractor	low	low	low	low	1	2	0	1	0	2	21	4	0	0	2	0	0	0.0	0.0	0.0	0	0.0
org.tribuo.data.columnar.extractors.IdentityExtractor	IdentityExtractor	low	low	low	low	1	2	0	1	0	2	19	4	0	0	2	0	0	0.0	0.0	0.0	0	0.0
org.tribuo.data.columnar.extractors.IndexExtractor	IndexExtractor	low	low	low	low	1	2	0	0	0	2	18	4	0	0	2	0	0	0.0	0.0	0.0	0	0.0
org.tribuo.data.columnar.extractors.IntExtractor	IntExtractor	low	low	low	low	1	2	0	1	0	2	21	4	0	0	2	0	0	0.0	0.0	0.0	0	0.0
org.tribuo.data.columnar.extractors.SimpleFieldExtractor<T>	SimpleFieldExtractor	low	low	low	low	0	2	0	0	5	4	32	5	0	0	2	0	0	0.0	0.0	0.0	0	0.0
<Package>org.tribuo.data.columnar.processors.feature	org.tribuo.data.columnar.processors.feature	low	low	low	low						3	52											
org.tribuo.data.columnar.processors.feature.UniqueProcessor	UniqueProcessor	low	low	low-medium	low	1	3	0	0	0	3	52	6	1	0	3	0	0	0.0	333	1.0	0	0.0
<Package>org.tribuo.data.columnar.processors.field	org.tribuo.data.columnar.processors.field	low	low	low	low						13	158											
org.tribuo.data.columnar.processors.field.DoubleFieldProcessor	DoubleFieldProcessor	low	low	low	low	2	3	0	0	0	3	34	7	0	0	3	0	0	0.0	0.0	0.0	0	0.0
org.tribuo.data.columnar.processors.field.IdentityProcessor	IdentityProcessor	low	low	low	low	2	3	0	0	2	3	25	7	0	1	3	0	0	0.0	0.0	1.0	0	0.0
org.tribuo.data.columnar.processors.field.RegexFieldProcessor	RegexFieldProcessor	low	low	low-medium	low	2	4	0	0	0	4	60	10	0	0	4	0	0	0.0	0.0	0.0	0	0.0
org.tribuo.data.columnar.processors.field.TextFieldProcessor	TextFieldProcessor	low	low	low	low	3	3	0	0	0	3	39	7	1	0	3	0	0	0.0	0.0	1.0	0	0.0
<Package>org.tribuo.data.columnar.processors.response	org.tribuo.data.columnar.processors.response	low	low	low	low						15	144											
org.tribuo.data.columnar.processors.response.BinaryResponseProcessor<T>	BinaryResponseProcessor	low	low	low	low	2	3	0	0	0	3	35	7	1	0	3	0	0	0.0	0.0	1.0	0	0.0
org.tribuo.data.columnar.processors.response.FieldResponseProcessor<T>	FieldResponseProcessor	low	low	low	low	2	3	0	0	0	3	39	7	1	0	3	0	0	0.0	0.0	1.0	0	0.0
org.tribuo.data.columnar.processors.response.Quartile	Quartile	low	low	low	low	1	6	0	0	0	6	24	14	3	0	6	0	0	667	417	0.7	0	0.0
org.tribuo.data.columnar.processors.response.QuartileResponseProcessor<T>	QuartileResponseProcessor	low	low	low	low	3	3	0	0	0	3	46	7	2	0	3	0	0	0.0	0.0	1.0	0	0.0
<Package>org.tribuo.data.csv	org.tribuo.data.csv	low	low-medium	medium-high	low						60	867											
org.tribuo.data.csv.CSVDataSource<T>	CSVDataSource	low	low	low-medium	low	3	4	0	1	0	5	103	14	3	0	4	0	1	833	0.0	667	0	0.25
org.tribuo.data.csv.CSVDataSourceTest	CSVDataSourceTest	low	medium-high	low-medium	low	13	11	6	0	0	7	56	50	2	0	5	0	0	0.5	0.0	0.4	1	0.0
org.tribuo.data.csv.CSVIterator	CSVIterator	low-medium	low	low-medium	low	1	2	1	2	0	2	85	4	2	2	1	0	0	0.0	0.0	0.0	0	0.0
org.tribuo.data.csv.CSVIteratorTest	CSVIteratorTest	low	low	low-medium	low	2	9	3	0	0	11	109	101	0	0	6	0	0	0.0	0.0	0.0	1	0.0
org.tribuo.data.csv.CSVLoader<T>	CSVLoader	low	low	low-medium	low	2	3	0	0	0	3	157	8	3	0	3	0	0	0.0	111	1.0	0	0.0
org.tribuo.data.csv.CSVLoaderTest	CSVLoaderTest	low	medium-high	low-medium	low	10	20	11	0	0	13	101	100	0	0	10	0	0	0.0	0.45	0.0	2	0.0
org.tribuo.data.csv.CSVLoaderWithMultiOutputsTest	CSVLoaderWithMultiOutputsTest	low	low-medium	low	low	9	14	11	0	0	3	45	44	0	0	3	0	0	0.0	0.0	0.0	3	0.0
org.tribuo.data.csv.CSVSaver	CSVSaver	low	low	low-medium	low	1	2	0	0	0	3	84	7	2	0	2	0	0	0.0	0.25	1.0	0	0.0
org.tribuo.data.csv.CSVSaverTest	CSVSaverTest	low	medium-high	low	low	11	13	9	0	0	5	49	48	0	0	3	0	0	0.0	0.0	0.0	0	0.0
org.tribuo.data.csv.CSVSaverWithMultiOutputsTest	CSVSaverWithMultiOutputsTest	low	medium-high	low-medium	low	12	20	10	0	0	4	78	77	0	0	4	0	0	0.0	0.0	0.0	0	0.0
<Package>org.tribuo.data.sql	org.tribuo.data.sql	low	low	low-medium	low						21	277											
org.tribuo.data.sql.ResultSetIterator	ResultSetIterator	low-medium	low	low	low	0	0	0	2	0	0	43	0	1	0	0	0	0	0.0	0.0	0.0	0	0.0
org.tribuo.data.sql.SQLDBConfig	SQLDBConfig	low	low	low-medium	low	2	3	0	0	0	11	72	21	1	0	3	0	0	0.0	0.0	1.0	0	0.0
org.tribuo.data.sql.SQLDataSource<T>	SQLDataSource	low	low	low-medium	low	4	4	0	1	0	7	67	20	1	0	4	0	0	0.0	0.0	1.0	0	0.0
org.tribuo.data.sql.SQLToCSV	SQLToCSV	low	low	low-medium	low	0	0	0	0	0	0	95	0	0	0	0	0	0	0.0	0.0	0.0	0	0.0
<Package>org.tribuo.data.text	org.tribuo.data.text	low	low-medium	medium-high	low						38	324											
org.tribuo.data.text.DirectoryFileSource<T>	DirectoryFileSource	low	low	low-medium	low	4	4	0	0	0	4	128	11	2	0	4	0	0	0.5	562	667	0	0.0
org.tribuo.data.text.DocumentPreprocessor	DocumentPreprocessor	low	low	low	low	0	0	0	1	0	1	2	0	0	0	0	0	0	0.0	0.0	0.0	0	0.0
org.tribuo.data.text.FeatureAggregator	FeatureAggregator	low	low	low	low	0	0	0	1	3	1	2	0	0	0	0	0	0	0.0	0.0	0.0	0	0.0
org.tribuo.data.text.FeatureTransformer	FeatureTransformer	low	low	low	low	0	0	0	1	1	1	2	0	0	0	0	0	0	0.0	0.0	0.0	0	0.0
org.tribuo.data.text.SplitTextData	SplitTextData	low	low	low-medium	low	0	0	0	0	0	0	72	0	0	0	0	0	0	0.0	0.0	0.0	0	0.0
org.tribuo.data.text.TextDataSource<T>	TextDataSource	low	low	low	low	2	3	0	0	1	3	45	5	2	0	3	0	0	0.0	0.0	0.0	0	0.0
org.tribuo.data.text.TextFeatureExtractor<T>	TextFeatureExtractor	low	low	low	low	0	0	0	1	1	1	2	0	0	0	0	0	0	0.0	0.0	0.0	0	0.0
org.tribuo.data.text.TextPipeline	TextPipeline	low	low	low	low	0	0	0	1	2	1	2	0	0	0	0	0	0	0.0	0.0	0.0	0	0.0
org.tribuo.data.text.TextPipelineTest	TextPipelineTest	low	low	low-medium	low	4	4	0	0	0	4	58	56	0	0	4	0	0	0.0	0.0	0.0	0	0.0
org.tribuo.data.text.TextProcessingException	TextProcessingException	low	low	low	low	0	0	0	0	0	0	8	0	0	1	0	0	0	0.0	0.0	0.0	0	0.0
org.tribuo.data.text.TextProcessor	TextProcessor	low	low	low	low	0	0	0	1	1	2	3	0	0	0	0	0	0	0.0	0.0	0.0	0	0.0
<Package>org.tribuo.data.text.impl	org.tribuo.data.text.impl	low	medium-high	medium-high	low						53	409											
org.tribuo.data.text.impl.AverageAggregator	AverageAggregator	low	low	low	low	1	1	0	0	0	1	21	3	0	0	1	0	0	0.0	0.0	0.0	0	0.0
org.tribuo.data.text.impl.BasicPipeline	BasicPipeline	low	low	low	low	4	4	1	0	0	5	32	12	3	0	4	0	0	667	0.5	667	0	0.0
org.tribuo.data.text.impl.FeatureHasher	FeatureHasher	low	low	low	low	1	3	0	0	0	3	22	6	1	0	3	0	0	0.0	333	1.0	0	0.0
org.tribuo.data.text.impl.NgramProcessor	NgramProcessor	low	low	low	low	2	4	0	0	0	7	49	14	3	0	4	0	0	0.0	562	1.0	0	0.0
org.tribuo.data.text.impl.SimpleStringDataSource<T>	SimpleStringDataSource	low-medium	low	low-medium	low	2	4	2	2	0	5	74	15	0	0	4	0	3	0.0	0.0	0.0	0	1.5
org.tribuo.data.text.impl.SimpleStringDataSourceTest	SimpleStringDataSourceTest	low	low-medium	low	low	6	2	1	0	0	2	10	9	0	0	1	1	0	0.0	0.0	0.0	0	0.0
org.tribuo.data.text.impl.SimpleTextDataSource<T>	SimpleTextDataSource	low	low	low-medium	low	4	7	3	1	1	9	90	24	1	0	6	0	1	0.0	556	0.0	0	167
org.tribuo.data.text.impl.SumAggregator	SumAggregator	low	low	low	low	1	1	0	0	0	1	16	3	0	0	1	0	0	0.0	0.0	0.0	0	0.0
org.tribuo.data.text.impl.TextFeatureExtractorImpl<T>	TextFeatureExtractorImpl	low	low	low	low	2	3	0	0	0	3	18	6	1	0	3	0	0	0.0	333	1.0	0	0.0
org.tribuo.data.text.impl.TokenPipeline	TokenPipeline	low	low-medium	low-medium	low	7	5	1	0	0	8	52	22	5	0	5	0	0	0.2	0.45	833	0	0.0
org.tribuo.data.text.impl.UniqueAggregator	UniqueAggregator	low	low	low	low	1	3	0	0	0	3	25	6	1	0	3	0	0	0.0	333	1.0	0	0.0
<Package>org.tribuo.dataset	org.tribuo.dataset	low	low	low-medium	low						44	279											
org.tribuo.dataset.DatasetView<T>	DatasetView	low-medium	low	low-medium	low-medium	4	20	9	2	0	18	209	51	7	1	9	5	8	906	634	939	1	1778
org.tribuo.dataset.MinimumCardinalityDataset<T>	MinimumCardinalityDataset	low-medium	low-medium	low-medium	low	9	16	12	2	0	13	70	37	2	1	4	0	1	833	0.5	667	2	0.5
<Package>org.tribuo.datasource	org.tribuo.datasource	low	low-medium	medium-high	low						127	770											
org.tribuo.datasource.AggregateDataSource<T>	AggregateDataSource	low	low	low-medium	low	2	2	0	0	0	2	74	6	0	0	2	0	0	0.0	0.0	0.0	0	0.0
org.tribuo.datasource.IDXDataSource<T>	IDXDataSource	low-medium	low	low-medium	low	5	9	3	0	0	25	292	69	3	0	8	0	0	778	0.0	1.0	0	0.0
org.tribuo.datasource.IDXDataSourceTest	IDXDataSourceTest	low	low-medium	low-medium	low	6	12	1	0	0	16	134	119	0	1	6	5	0	0.0	0.0	1.0	0	0.0
org.tribuo.datasource.LibSVMDataSource<T>	LibSVMDataSource	low-medium	low	low-medium	low	4	10	3	0	0	38	212	104	6	0	9	0	0	767	0.0	867	0	0.0
org.tribuo.datasource.LibSVMDataSourceTest	LibSVMDataSourceTest	low	low-medium	low	low	8	8	6	0	0	8	36	35	0	0	2	1	0	0.0	333	0.0	1	0.0
org.tribuo.datasource.ListDataSource<T>	ListDataSource	low	low	low	low	2	3	0	0	1	3	22	8	2	0	3	0	0	1.0	0.0	1.0	0	0.0
<Package>org.tribuo.ensemble	org.tribuo.ensemble	low	low	low	low						12	170											
org.tribuo.ensemble.BaggingTrainer<T>	BaggingTrainer	low	low	low-medium	low	3	6	1	0	1	6	66	18	5	0	6	0	0	0.9	567	0.9	0	0.0
org.tribuo.ensemble.EnsembleCombiner<T>	EnsembleCombiner	low	low	low	low	0	0	0	1	3	2	3	0	0	0	0	0	0	0.0	0.0	0.0	0	0.0
org.tribuo.ensemble.EnsembleExcuse<T>	EnsembleExcuse	low	low	low	low	0	0	0	1	0	0	7	0	0	0	0	0	0	0.0	0.0	0.0	0	0.0
org.tribuo.ensemble.EnsembleModel<T>	EnsembleModel	low	low	low	low	1	2	0	1	1	2	46	5	0	1	2	0	1	0.0	0.0	0.0	0	0.5
org.tribuo.ensemble.WeightedEnsembleModel<T>	WeightedEnsembleModel	low-medium	low	low	low	4	2	1	2	0	2	48	6	2	1	1	0	0	0.0	0.0	0.0	1	0.0
<Package>org.tribuo.evaluation	org.tribuo.evaluation	low	low-medium	medium-high	low						60	496											
org.tribuo.evaluation.AbstractEvaluator<T,C,E,M>	AbstractEvaluator	low	low	low	low	5	7	5	0	5	6	44	20	0	0	2	0	0	0.0	0.25	0.0	2	0.0
org.tribuo.evaluation.CrossValidation<T,E>	CrossValidation	low	low	low	low	4	3	0	0	0	3	34	16	5	0	3	0	0	0.8	333	667	0	0.0
org.tribuo.evaluation.DescriptiveStats	DescriptiveStats	low	low	low	low	1	10	1	0	0	9	47	18	0	0	9	0	0	0.0	444	0.0	0	0.0
org.tribuo.evaluation.Evaluation<T>	Evaluation	low	low	low	low	1	1	0	1	4	3	8	1	0	0	1	0	0	0.0	0.0	0.0	0	0.0
org.tribuo.evaluation.EvaluationAggregator	EvaluationAggregator	low	low	low-medium	low	0	1	0	0	0	1	73	1	0	0	1	0	0	0.0	0.0	0.0	0	0.0
org.tribuo.evaluation.EvaluationRenderer<T,E>	EvaluationRenderer	low	low	low	low	0	0	0	1	0	1	3	0	0	0	0	0	0	0.0	0.0	0.0	0	0.0
org.tribuo.evaluation.Evaluator<T,E>	Evaluator	low	low	low	low	5	3	0	1	1	5	19	3	0	0	3	0	0	0.0	0.4	0.0	0	0.0
org.tribuo.evaluation.KFoldSplitter<T>	KFoldSplitter	low	low	low-medium	low	1	2	0	0	0	3	56	8	2	0	2	0	0	0.0	167	1.0	0	0.0
org.tribuo.evaluation.KFoldSplitterTest	KFoldSplitterTest	low	low-medium	low-medium	low	7	8	4	0	0	11	57	55	0	0	5	0	0	0.0	0.4	0.0	0	0.0
org.tribuo.evaluation.OnlineEvaluator<T,E>	OnlineEvaluator	low	low	low	low-medium	5	5	1	0	0	4	23	12	3	0	4	0	0	333	625	0.5	0	0.0
org.tribuo.evaluation.TrainTestSplitter<T>	TrainTestSplitter	low	low	low-medium	low	4	8	2	0	0	7	94	23	6	0	6	0	0	833	0.5	0.8	0	0.0
org.tribuo.evaluation.TrainTestSplitterTest	TrainTestSplitterTest	low	low	low	low	4	8	4	0	0	4	38	28	0	1	4	0	0	0.0	0.0	0.0	1	0.0
<Package>org.tribuo.evaluation.metrics	org.tribuo.evaluation.metrics	low	low	low	low						13	75											
org.tribuo.evaluation.metrics.EvaluationMetric<T,C>	EvaluationMetric	low	low	low	low	4	4	1	1	5	6	12	4	0	0	4	0	0	0.0	562	0.0	0	0.0
org.tribuo.evaluation.metrics.MetricContext<T>	MetricContext	low	low	low	low	2	2	0	0	5	2	18	4	2	0	2	0	0	1.0	0.0	1.0	0	0.0
org.tribuo.evaluation.metrics.MetricID<T>	MetricID	low	low	low	low	0	0	0	1	0	0	10	0	0	1	0	0	0	0.0	0.0	0.0	0	0.0
org.tribuo.evaluation.metrics.MetricTarget<T>	MetricTarget	low	low	low	low	2	5	0	0	0	5	35	15	2	2	3	2	0	0.75	533	0.7	0	0.0
<Package>org.tribuo.hash	org.tribuo.hash	low	low-medium	medium-high	low						27	301											
org.tribuo.hash.HashCodeHasher	HashCodeHasher	low	low	low	low	1	2	0	1	0	2	48	4	0	2	2	0	0	0.0	0.0	0.0	0	0.0
org.tribuo.hash.HashedFeatureMap	HashedFeatureMap	low-medium	low	low	low	4	3	1	2	0	6	36	20	1	1	1	1	2	1.5	167	0.0	0	4.0
org.tribuo.hash.Hasher	Hasher	low	low	low	low	0	0	0	0	3	0	7	0	0	2	0	0	0	0.0	0.0	0.0	0	0.0
org.tribuo.hash.HashingOptions	HashingOptions	low	low	low	low	2	1	0	0	0	2	32	6	1	0	1	0	0	0.0	0.0	0.0	0	0.0
org.tribuo.hash.HashingTrainer<T>	HashingTrainer	low	low	low	low	3	5	1	0	0	4	25	10	2	0	4	0	0	0.5	0.5	667	0	0.0
org.tribuo.hash.MessageDigestHasher	MessageDigestHasher	low	low	low-medium	low	1	3	0	1	0	5	86	16	2	1	3	0	1	1.0	0.0	0.0	0	333
org.tribuo.hash.ModHashCodeHasher	ModHashCodeHasher	low	low	low-medium	low	1	3	0	1	0	3	67	7	2	1	3	0	1	1.0	0.0	0.0	0	333
<Package>org.tribuo.impl	org.tribuo.impl	low	low	low-medium	low						130	867											
org.tribuo.impl.ArrayExample<T>	ArrayExample	low-medium	low-medium	low-medium	medium-high	6	23	6	1	1	40	280	124	2	2	19	0	2	625	784	0.41	1	105
org.tribuo.impl.BinaryFeaturesExample<T>	BinaryFeaturesExample	low-medium	low-medium	low-medium	medium-high	5	23	6	1	0	32	222	95	1	2	19	2	3	741	783	867	1	158
org.tribuo.impl.IndexedArrayExample<T>	IndexedArrayExample	low-medium	low-medium	low-medium	medium-high	5	22	11	2	0	22	206	95	4	1	11	0	8	667	773	333	2	1455
org.tribuo.impl.ListExample<T>	ListExample	low-medium	low-medium	low-medium	medium-high	6	19	6	1	0	28	159	85	0	1	15	0	2	0.0	792	0.0	1	133
<Package>org.tribuo.interop	org.tribuo.interop	low	low	low	low						10	145											
org.tribuo.interop.ExternalDatasetProvenance	ExternalDatasetProvenance	low	low	low	low	0	0	0	1	0	0	6	0	0	1	0	0	0	0.0	0.0	0.0	0	0.0
org.tribuo.interop.ExternalModel<T,U,V>	ExternalModel	low	low	low-medium	low-medium	4	14	8	1	3	9	98	29	3	2	7	0	1	1133	643	667	0	143
org.tribuo.interop.ExternalTrainerProvenance	ExternalTrainerProvenance	low	low	low	low	3	1	0	0	0	1	41	3	3	1	1	0	0	0.0	0.0	0.0	0	0.0
<Package>org.tribuo.interop.onnx	org.tribuo.interop.onnx	low	low-medium	low-medium	low						54	489											
org.tribuo.interop.onnx.DenseTransformer	DenseTransformer	low	low	low	low	5	5	3	0	0	6	33	16	1	3	3	0	0	0.0	333	1.0	0	0.0
org.tribuo.interop.onnx.ExampleTransformer	ExampleTransformer	low	low	low	low	3	1	0	1	2	2	3	1	0	0	1	0	0	0.0	0.0	0.0	0	0.0
org.tribuo.interop.onnx.ImageTransformer	ImageTransformer	low	low	low	low	4	6	1	0	0	11	48	19	3	1	5	0	0	375	0.6	0.5	0	0.0
org.tribuo.interop.onnx.LabelTransformer	LabelTransformer	low	low	low-medium	low	5	6	2	0	0	9	101	23	0	1	4	0	0	0.0	0.5	0.0	1	0.0
org.tribuo.interop.onnx.ONNXExternalModel<T>	ONNXExternalModel	low-medium	low-medium	low-medium	low	8	8	5	2	0	10	155	26	6	1	3	0	0	857	444	0.0	0	0.0
org.tribuo.interop.onnx.OutputTransformer<T>	OutputTransformer	low	low	low	low	0	1	0	1	2	5	6	1	0	0	1	0	0	0.0	0.0	0.0	0	0.0
org.tribuo.interop.onnx.RegressorTransformer	RegressorTransformer	low	low	low-medium	low	1	2	0	0	0	2	71	6	0	1	2	0	0	0.0	0.0	0.0	0	0.0
org.tribuo.interop.onnx.TestOnnxRuntime	TestOnnxRuntime	low	medium-high	low-medium	low	15	9	6	0	0	9	72	71	0	0	3	0	0	0.0	0.0	0.0	1	0.0
<Package>org.tribuo.interop.tensorflow	org.tribuo.interop.tensorflow	low	medium-high	medium-high	low						111	1267											
org.tribuo.interop.tensorflow.DenseTransformer<T>	DenseTransformer	low	low-medium	low-medium	low	7	11	7	0	0	13	57	32	1	3	6	0	0	0.5	0.5	1.0	1	0.0
org.tribuo.interop.tensorflow.ExampleTransformer<T>	ExampleTransformer	low	low	low	low	4	2	0	1	2	4	5	2	0	0	2	0	0	0.0	375	0.0	0	0.0
org.tribuo.interop.tensorflow.ImageTransformer<T>	ImageTransformer	low	low-medium	low-medium	low-medium	7	9	3	0	0	16	69	42	3	1	8	0	0	333	625	0.9	1	0.0
org.tribuo.interop.tensorflow.ImageTransformerTest	ImageTransformerTest	low	low-medium	low-medium	low	7	6	4	0	0	3	91	90	0	0	3	0	0	0.0	0.0	0.0	0	0.0
org.tribuo.interop.tensorflow.LabelTransformer	LabelTransformer	low	low-medium	low-medium	low	6	15	10	0	0	19	85	55	0	1	9	0	0	0.0	571	0.0	1	0.0
org.tribuo.interop.tensorflow.OutputTransformer<T>	OutputTransformer	low	low	low	low	4	4	0	1	2	7	8	4	0	0	4	0	0	0.0	0.5	0.0	0	0.0
org.tribuo.interop.tensorflow.RegressorTransformer	RegressorTransformer	low	low-medium	low-medium	low	7	13	9	0	0	12	79	41	0	1	6	0	0	0.0	583	0.0	1	0.0
org.tribuo.interop.tensorflow.TensorflowCheckpointModel<T>	TensorflowCheckpointModel	low	low-medium	low-medium	low	10	12	7	1	0	4	54	16	4	1	2	0	0	1.0	0.25	0.0	0	0.0
org.tribuo.interop.tensorflow.TensorflowCheckpointTrainer<T>	TensorflowCheckpointTrainer	low	low	low-medium	low	3	4	0	0	0	4	123	10	7	0	4	0	0	1714	0.0	1.0	0	0.0
org.tribuo.interop.tensorflow.TensorflowExternalModel<T>	TensorflowExternalModel	low-medium	low-medium	low-medium	low	8	10	6	2	0	6	105	19	4	1	4	0	0	1.0	0.55	0.0	1	0.0
org.tribuo.interop.tensorflow.TensorflowModel<T>	TensorflowModel	low	low-medium	low-medium	low	9	14	7	1	0	7	94	23	5	1	4	0	1	944	0.5	667	0	0.25
org.tribuo.interop.tensorflow.TensorflowTrainer<T>	TensorflowTrainer	low	low	low-medium	low-medium	3	5	0	0	0	5	138	18	8	0	5	0	0	1.0	0.64	833	0	0.0
org.tribuo.interop.tensorflow.TensorflowUtil	TensorflowUtil	low	low	low-medium	low	5	5	4	0	0	6	248	25	0	0	0	1	0	0.0	0.0	0.0	0	0.0
org.tribuo.interop.tensorflow.TrainTest	TrainTest	low	low	low-medium	low	0	0	0	0	0	0	111	0	0	0	0	0	0	0.0	0.0	0.0	0	0.0
<Package>org.tribuo.interop.tensorflow.sequence	org.tribuo.interop.tensorflow.sequence	low	low	low-medium	low						16	251											
org.tribuo.interop.tensorflow.sequence.SequenceExampleTransformer<T>	SequenceExampleTransformer	low	low	low	low	0	0	0	1	0	2	3	0	0	0	0	0	0	0.0	0.0	0.0	0	0.0
org.tribuo.interop.tensorflow.sequence.SequenceOutputTransformer<T>	SequenceOutputTransformer	low	low	low	low	0	0	0	1	0	4	5	0	0	0	0	0	0	0.0	0.0	0.0	0	0.0
org.tribuo.interop.tensorflow.sequence.TensorflowSequenceModel<T>	TensorflowSequenceModel	low	low	low-medium	low	4	3	2	1	0	3	69	6	4	1	1	0	0	0.0	0.0	0.0	0	0.0
org.tribuo.interop.tensorflow.sequence.TensorflowSequenceTrainer<T>	TensorflowSequenceTrainer	low	low	low-medium	low	5	5	0	0	0	5	174	12	8	0	5	0	0	1625	533	1.0	0	0.0
<Package>org.tribuo.json	org.tribuo.json	low	low	low-medium	low						16	344											
org.tribuo.json.JsonDataSource<T>	JsonDataSource	low	low	low-medium	low	3	4	0	1	0	5	77	14	1	0	4	0	1	0.0	0.0	667	0	0.25
org.tribuo.json.JsonDataSourceTest	JsonDataSourceTest	low	medium-high	low	low	15	5	3	0	0	4	35	34	0	0	2	1	0	0.0	0.0	0.0	0	0.0
org.tribuo.json.JsonFileIterator	JsonFileIterator	low-medium	low	low-medium	low	1	2	1	2	0	1	53	3	2	0	1	0	0	0.0	0.0	0.0	0	0.0
org.tribuo.json.JsonUtil	JsonUtil	low	low	low	low	0	1	0	0	0	1	16	1	0	0	1	0	0	0.0	0.0	0.0	0	0.0
org.tribuo.json.StripProvenance	StripProvenance	low	low	low-medium	low	0	1	0	0	0	1	163	1	0	0	1	0	0	0.0	0.0	0.0	0	0.0
<Package>org.tribuo.math	org.tribuo.math	low	low	low	low						22	53											
org.tribuo.math.LinearParameters	LinearParameters	low	low-medium	low	low-medium	7	17	7	0	0	12	41	37	2	1	9	0	0	667	622	583	0	0.0
org.tribuo.math.Parameters	Parameters	low	low	low	low	1	5	0	1	2	5	6	5	0	0	5	0	0	0.0	0.4	0.0	0	0.0
org.tribuo.math.StochasticGradientOptimiser	StochasticGradientOptimiser	low	low	low	low	2	5	0	1	8	5	6	5	0	0	5	0	0	0.0	0.6	0.0	0	0.0
<Package>org.tribuo.math.kernel	org.tribuo.math.kernel	low	low	low	low						16	71											
org.tribuo.math.kernel.Kernel	Kernel	low	low	low	low	1	1	0	1	4	1	2	1	0	0	1	0	0	0.0	0.0	0.0	0	0.0
org.tribuo.math.kernel.Linear	Linear	low	low	low	low	2	8	1	0	0	3	12	7	0	1	3	0	0	0.0	333	0.0	0	0.0
org.tribuo.math.kernel.Polynomial	Polynomial	low	low	low	low	2	9	1	0	0	4	22	11	3	1	4	0	0	0.5	0.5	667	0	0.0
org.tribuo.math.kernel.RBF	RBF	low	low	low	low	3	11	2	0	0	4	16	9	1	1	4	0	0	1.0	0.5	667	0	0.0
org.tribuo.math.kernel.Sigmoid	Sigmoid	low	low	low	low	2	9	1	0	0	4	19	10	2	1	4	0	0	667	0.5	667	0	0.0
<Package>org.tribuo.math.la	org.tribuo.math.la	medium-high	low-medium	medium-high	low						657	3566											
org.tribuo.math.la.DenseMatrix	DenseMatrix	very-high	low-medium	high	medium-high	8	54	23	0	2	134	446	347	5	2	41	1	0	0.68	778	344	0	0.0
org.tribuo.math.la.DenseMatrixTest	DenseMatrixTest	medium-high	low	high	low	3	73	51	0	0	54	1053	1052	0	0	7	46	0	0.0	491	0.0	0	0.0
org.tribuo.math.la.DenseSparseMatrix	DenseSparseMatrix	medium-high	low-medium	medium-high	medium-high	7	47	28	0	0	74	309	203	4	1	27	1	0	661	778	537	0	0.0
org.tribuo.math.la.DenseVector	DenseVector	medium-high	low-medium	medium-high	medium-high	8	43	13	0	2	84	324	233	2	1	35	1	0	667	718	373	0	0.0
org.tribuo.math.la.DenseVectorTest	DenseVectorTest	low-medium	low	low-medium	low-medium	2	34	25	0	0	23	127	126	0	0	23	0	0	0.0	609	0.0	0	0.0
org.tribuo.math.la.Matrix	Matrix	low	low	low	medium-high	2	13	0	1	2	13	14	13	0	0	13	0	0	0.0	714	0.0	0	0.0
org.tribuo.math.la.MatrixIterator	MatrixIterator	low	low	low	low	1	2	1	1	4	2	12	2	0	0	2	0	0	0.0	0.25	0.0	0	0.0
org.tribuo.math.la.MatrixTuple	MatrixTuple	low	low	low	low	0	3	0	0	0	3	28	11	3	0	3	0	0	0.0	333	0.0	0	0.0
org.tribuo.math.la.SGDVector	SGDVector	low-medium	low	low-medium	low-medium	2	25	7	1	2	25	36	25	0	0	25	0	0	0.0	664	0.0	0	0.0
org.tribuo.math.la.SparseVector	SparseVector	very-high	medium-high	medium-high	high	13	51	18	0	0	128	584	388	4	1	31	5	0	0.65	814	697	1	0.0
org.tribuo.math.la.SparseVectorTest	SparseVectorTest	medium-high	low-medium	medium-high	low-medium	10	83	47	0	0	68	498	476	0	0	36	6	0	0.0	667	0.0	0	0.0
org.tribuo.math.la.Tensor	Tensor	low	low	low	low	0	9	1	1	2	12	25	9	0	0	7	2	0	0.0	556	0.0	0	0.0
org.tribuo.math.la.VectorDistanceTest	VectorDistanceTest	low	low	low-medium	low	3	20	12	0	0	7	75	74	0	0	7	0	0	0.0	0.0	0.0	0	0.0
org.tribuo.math.la.VectorIterator	VectorIterator	low	low	low	low	1	2	1	1	4	2	7	2	0	0	2	0	0	0.0	0.25	0.0	0	0.0
org.tribuo.math.la.VectorTuple	VectorTuple	low	low	low	low	0	3	0	0	0	3	28	11	2	1	3	0	0	0.5	333	0.0	0	0.0
<Package>org.tribuo.math.optimisers	org.tribuo.math.optimisers	low	low-medium	medium-high	low						167	745											
org.tribuo.math.optimisers.AdaDelta	AdaDelta	low	low	low	low	3	10	2	0	0	9	41	31	4	0	8	0	0	563	594	786	0	0.0
org.tribuo.math.optimisers.AdaGrad	AdaGrad	low	low	low	low	3	10	2	0	0	11	43	31	4	0	8	0	0	0.75	594	0.81	0	0.0
org.tribuo.math.optimisers.AdaGradRDA	AdaGradRDA	low	low	low-medium	low-medium	3	13	4	0	0	15	263	45	6	0	9	0	0	389	667	857	0	0.0
org.tribuo.math.optimisers.Adam	Adam	low	low	low-medium	low	3	10	2	0	0	9	55	40	7	0	8	0	0	0.5	594	714	0	0.0
org.tribuo.math.optimisers.GradientOptimiserOptions	GradientOptimiserOptions	low	low-medium	low-medium	low	10	4	3	0	0	11	63	37	7	0	1	0	0	0.0	0.0	0.0	0	0.0
org.tribuo.math.optimisers.LinearDecaySGD	LinearDecaySGD	low	low	low	low	1	5	0	1	0	5	15	11	0	0	5	0	0	0.0	467	0.0	0	0.0
org.tribuo.math.optimisers.ParameterAveraging	ParameterAveraging	low	low	low	low-medium	3	14	6	0	0	10	40	31	4	0	8	0	0	0.55	0.7	381	0	0.0
org.tribuo.math.optimisers.Pegasos	Pegasos	low	low-medium	low-medium	low-medium	6	12	4	0	0	14	53	43	4	0	8	0	0	0.6	625	619	0	0.0
org.tribuo.math.optimisers.RMSProp	RMSProp	low	low	low-medium	low-medium	5	10	2	0	0	13	62	45	7	0	9	0	0	657	611	643	0	0.0
org.tribuo.math.optimisers.SGD	SGD	low	low-medium	low-medium	low	6	17	4	0	3	19	80	56	5	0	8	6	0	0.6	586	945	0	0.0
org.tribuo.math.optimisers.SimpleSGD	SimpleSGD	low	low	low	low	1	5	0	1	0	5	15	11	0	0	5	0	0	0.0	467	0.0	0	0.0
org.tribuo.math.optimisers.SqrtDecaySGD	SqrtDecaySGD	low	low	low	low	1	5	0	1	0	5	15	11	0	0	5	0	0	0.0	467	0.0	0	0.0
<Package>org.tribuo.math.optimisers.util	org.tribuo.math.optimisers.util	low	low	low	low						48	240											
org.tribuo.math.optimisers.util.ShrinkingMatrix	ShrinkingMatrix	low	low	low-medium	low-medium	4	11	4	1	0	15	108	50	7	0	9	0	6	738	685	714	0	667
org.tribuo.math.optimisers.util.ShrinkingTensor	ShrinkingTensor	low	low	low	low	1	1	0	1	2	1	3	1	0	1	1	0	0	0.0	0.0	0.0	0	0.0
org.tribuo.math.optimisers.util.ShrinkingVector	ShrinkingVector	low-medium	low	low-medium	medium-high	3	19	6	1	0	23	129	84	7	0	16	0	10	0.69	719	648	0	625
<Package>org.tribuo.math.util	org.tribuo.math.util	low	low	low-medium	low						47	277											
org.tribuo.math.util.ExpNormalizer	ExpNormalizer	low	low	low	low	0	1	0	0	0	5	16	14	0	1	1	0	0	0.0	0.0	0.0	0	0.0
org.tribuo.math.util.HeapMerger	HeapMerger	low	low	low-medium	low	2	10	7	0	0	10	65	30	0	1	2	0	0	0.0	333	0.0	0	0.0
org.tribuo.math.util.MatrixHeapMerger	MatrixHeapMerger	low	low	low-medium	low	4	12	9	0	0	12	63	60	0	1	2	0	0	0.0	333	0.0	0	0.0
org.tribuo.math.util.Merger	Merger	low	low	low	low	2	2	0	1	2	2	3	2	0	0	2	0	0	0.0	333	0.0	0	0.0
org.tribuo.math.util.MergerTest	MergerTest	low	low	low-medium	low	5	15	12	0	0	11	105	104	0	0	11	0	0	0.0	455	0.0	0	0.0
org.tribuo.math.util.NoopNormalizer	NoopNormalizer	low	low	low	low	0	1	0	0	0	1	5	3	0	1	1	0	0	0.0	0.0	0.0	0	0.0
org.tribuo.math.util.Normalizer	Normalizer	low	low	low	low	0	1	0	0	0	5	18	16	0	1	1	0	0	0.0	0.0	0.0	0	0.0
org.tribuo.math.util.VectorNormalizer	VectorNormalizer	low	low	low	low	0	1	0	1	3	1	2	1	0	0	1	0	0	0.0	0.0	0.0	0	0.0
<Package>org.tribuo.multilabel	org.tribuo.multilabel	low	low-medium	medium-high	low						75	528											
org.tribuo.multilabel.ImmutableMultiLabelInfo	ImmutableMultiLabelInfo	low	low	low-medium	low-medium	2	8	1	1	0	10	97	41	0	1	7	0	1	0.0	657	0.0	0	143
org.tribuo.multilabel.IndependentMultiLabelTest	IndependentMultiLabelTest	low	low-medium	low	low	8	14	5	0	0	2	20	19	0	0	1	1	0	0.0	0.0	0.0	1	0.0
org.tribuo.multilabel.MultiLabel	MultiLabel	low	low	low-medium	low	1	8	1	0	0	18	123	38	1	2	7	0	0	889	476	857	1	0.0
org.tribuo.multilabel.MultiLabelFactory	MultiLabelFactory	low	low-medium	low-medium	low	6	7	0	0	0	9	71	25	0	4	7	0	0	1125	429	1.0	0	0.0
org.tribuo.multilabel.MultiLabelFactoryTest	MultiLabelFactoryTest	low	low	low-medium	low	3	9	1	0	0	8	69	67	0	0	8	0	0	0.0	0.0	0.0	0	0.0
org.tribuo.multilabel.MultiLabelInfo	MultiLabelInfo	low	low-medium	low-medium	low	6	9	1	0	2	9	59	27	2	1	8	0	0	1333	583	1.0	0	0.0
org.tribuo.multilabel.MultiLabelTest	MultiLabelTest	low	low	low	low	3	5	3	0	0	2	20	14	0	0	2	0	0	0.0	0.0	0.0	0	0.0
org.tribuo.multilabel.MutableMultiLabelInfo	MutableMultiLabelInfo	low	low	low	low	3	6	1	1	0	8	37	23	0	1	5	0	0	0.0	533	0.0	0	0.0
org.tribuo.multilabel.MutableMultiLabelInfoTest	MutableMultiLabelInfoTest	low	low	low	low	3	7	5	0	0	1	10	7	0	0	1	0	0	0.0	0.0	0.0	0	0.0
org.tribuo.multilabel.Utils	Utils	low	low-medium	low	low	8	8	4	0	0	4	22	11	0	1	0	3	0	0.0	167	1.0	0	0.0
<Package>org.tribuo.multilabel.baseline	org.tribuo.multilabel.baseline	low	low	low	low						17	121											
org.tribuo.multilabel.baseline.BinaryExample	BinaryExample	low	low	low	medium-high	4	11	2	1	0	9	42	27	1	0	9	0	0	0.0	722	786	0	0.0
org.tribuo.multilabel.baseline.IndependentMultiLabelModel	IndependentMultiLabelModel	low	low	low	low	4	4	3	1	0	4	42	12	0	1	1	0	0	0.0	0.0	0.0	1	0.0
org.tribuo.multilabel.baseline.IndependentMultiLabelTrainer	IndependentMultiLabelTrainer	low	low	low	low	2	4	0	0	0	4	37	9	2	0	4	0	0	1.0	375	1.0	0	0.0
<Package>org.tribuo.multilabel.evaluation	org.tribuo.multilabel.evaluation	low	low-medium	low-medium	low						58	602											
org.tribuo.multilabel.evaluation.MultiLabelConfusionMatrix	MultiLabelConfusionMatrix	low	low	low-medium	low	5	13	6	0	0	12	119	39	3	0	8	0	0	667	125	857	0	0.0
org.tribuo.multilabel.evaluation.MultiLabelConfusionMatrixTest	MultiLabelConfusionMatrixTest	low	low-medium	low-medium	low	7	30	15	0	0	9	152	151	0	0	6	0	0	0.0	0.0	0.0	1	0.0
org.tribuo.multilabel.evaluation.MultiLabelEvaluation	MultiLabelEvaluation	low	low	low	low	0	0	0	1	1	0	1	0	0	0	0	0	0	0.0	0.0	0.0	0	0.0
org.tribuo.multilabel.evaluation.MultiLabelEvaluationImpl	MultiLabelEvaluationImpl	low-medium	low-medium	low-medium	low-medium	9	34	8	0	0	28	147	86	3	0	28	0	0	1.0	0.7	997	0	0.0
org.tribuo.multilabel.evaluation.MultiLabelEvaluator	MultiLabelEvaluator	low	low	low	low	0	0	0	1	0	0	33	0	0	0	0	0	0	0.0	0.0	0.0	0	0.0
org.tribuo.multilabel.evaluation.MultiLabelEvaluatorTest	MultiLabelEvaluatorTest	low	low-medium	low-medium	low	10	25	22	0	0	2	86	75	0	0	2	0	0	0.0	0.0	0.0	1	0.0
org.tribuo.multilabel.evaluation.MultiLabelMetric	MultiLabelMetric	low	low	low	low	1	3	0	0	0	3	48	9	1	0	3	0	0	0.0	333	0.0	0	0.0
org.tribuo.multilabel.evaluation.MultiLabelMetrics	MultiLabelMetrics	low	low	low	low	2	1	0	0	0	1	16	2	0	8	1	0	0	0.0	0.0	0.0	0	0.0
<Package>org.tribuo.multilabel.example	org.tribuo.multilabel.example	low	low	low	low						6	67											
org.tribuo.multilabel.example.MultiLabelDataGenerator	MultiLabelDataGenerator	low	low-medium	low-medium	low	10	14	5	0	0	6	67	65	0	1	1	5	0	0.0	0.0	0.9	0	0.0
<Package>org.tribuo.provenance	org.tribuo.provenance	low	medium-high	medium-high	low						26	394											
org.tribuo.provenance.ConfiguredDataSourceProvenance	ConfiguredDataSourceProvenance	low	low	low	low	0	0	0	1	7	0	1	0	0	0	0	0	0	0.0	0.0	0.0	0	0.0
org.tribuo.provenance.DataProvenance	DataProvenance	low	low	low	low	0	0	0	1	2	0	1	0	0	0	0	0	0	0.0	0.0	0.0	0	0.0
org.tribuo.provenance.DataSourceProvenance	DataSourceProvenance	low	low	low	low	0	0	0	1	9	0	5	0	0	0	0	0	0	0.0	0.0	0.0	0	0.0
org.tribuo.provenance.DatasetProvenance	DatasetProvenance	low	low-medium	low-medium	low-medium	6	19	9	0	5	10	102	21	7	1	10	0	0	893	0.68	844	1	0.0
org.tribuo.provenance.EnsembleModelProvenance	EnsembleModelProvenance	low	low	low	low	1	1	0	1	0	1	29	2	1	1	1	0	1	0.0	0.0	0.0	0	1.0
org.tribuo.provenance.EvaluationProvenance	EvaluationProvenance	low	low	low-medium	low	3	4	0	0	0	4	51	12	4	1	4	0	0	667	0.5	167	0	0.0
org.tribuo.provenance.ModelProvenance	ModelProvenance	low	low	low-medium	low	3	4	0	0	1	4	74	9	3	1	4	0	0	833	0.0	0.5	0	0.0
org.tribuo.provenance.OutputFactoryProvenance	OutputFactoryProvenance	low	low	low	low	0	0	0	1	6	1	4	0	0	0	0	0	0	0.0	0.0	0.0	0	0.0
org.tribuo.provenance.SimpleDataSourceProvenance	SimpleDataSourceProvenance	low	low	low	low	3	1	0	0	0	1	42	3	3	1	1	0	0	0.0	0.0	0.0	0	0.0
org.tribuo.provenance.SkeletalTrainerProvenance	SkeletalTrainerProvenance	low	low-medium	low-medium	low	6	8	3	1	7	5	81	20	3	1	5	0	0	0.5	0.6	0.0	0	0.0
org.tribuo.provenance.TrainerProvenance	TrainerProvenance	low	low	low	low	0	0	0	1	4	0	4	0	0	0	0	0	0	0.0	0.0	0.0	0	0.0
<Package>org.tribuo.provenance.impl	org.tribuo.provenance.impl	low	low	low	low						7	55											
org.tribuo.provenance.impl.EmptyDataSourceProvenance	EmptyDataSourceProvenance	low	low	low	low	0	2	0	0	0	2	19	4	0	1	2	0	0	0.0	0.0	0.0	0	0.0
org.tribuo.provenance.impl.EmptyDatasetProvenance	EmptyDatasetProvenance	low	low	low	low	2	1	0	1	0	1	9	2	0	1	1	0	0	0.0	0.0	0.0	0	0.0
org.tribuo.provenance.impl.EmptyTrainerProvenance	EmptyTrainerProvenance	low	low	low	low	0	2	0	0	0	2	19	4	0	1	2	0	0	0.0	0.0	0.0	0	0.0
org.tribuo.provenance.impl.TrainerProvenanceImpl	TrainerProvenanceImpl	low-medium	low	low	low	2	2	0	2	0	2	8	4	0	1	2	0	0	0.0	333	0.0	0	0.0
<Package>org.tribuo.regression	org.tribuo.regression	low	low	low-medium	low						71	579											
org.tribuo.regression.ImmutableRegressionInfo	ImmutableRegressionInfo	low	low	low-medium	low-medium	1	6	0	1	0	8	103	34	0	1	6	0	1	0.0	667	0.0	0	167
org.tribuo.regression.MutableRegressionInfo	MutableRegressionInfo	low	low-medium	low-medium	low	5	10	5	1	0	13	63	40	0	1	5	0	0	0.0	533	0.0	1	0.0
org.tribuo.regression.RegressionFactory	RegressionFactory	low	low-medium	low-medium	low	6	9	1	0	0	11	79	35	2	5	9	0	0	952	593	778	0	0.0
org.tribuo.regression.RegressionInfo	RegressionInfo	low	low	low-medium	low	5	7	0	0	2	7	58	22	2	2	7	0	0	1.5	429	1.0	0	0.0
org.tribuo.regression.Regressor	Regressor	low	low	low-medium	low	0	9	2	0	1	16	260	44	4	2	7	0	0	833	571	571	1	0.0
org.tribuo.regression.RegressorTest	RegressorTest	low	low	low	low	1	1	0	0	0	1	16	15	0	0	1	0	0	0.0	0.0	0.0	0	0.0
<Package>org.tribuo.regression.baseline	org.tribuo.regression.baseline	low	low	low-medium	low						37	278											
org.tribuo.regression.baseline.DummyRegressionModel	DummyRegressionModel	low	low-medium	low-medium	low	9	2	0	1	0	8	64	25	5	1	2	0	0	0.5	429	0.0	0	0.0
org.tribuo.regression.baseline.DummyRegressionTrainer	DummyRegressionTrainer	low	low	low-medium	low	2	9	0	0	0	17	174	38	5	0	4	5	0	767	556	464	0	0.0
org.tribuo.regression.baseline.TestDummyRegression	TestDummyRegression	low	low-medium	low	low	7	22	8	0	0	10	40	33	0	5	4	0	0	0.0	0.5	1.0	0	0.0
<Package>org.tribuo.regression.ensemble	org.tribuo.regression.ensemble	low	low	low	low						1	63											
org.tribuo.regression.ensemble.AveragingCombiner	AveragingCombiner	low	low	low-medium	low	1	1	0	0	0	1	63	3	0	1	1	0	0	0.0	0.0	0.0	0	0.0
<Package>org.tribuo.regression.evaluation	org.tribuo.regression.evaluation	low	low-medium	low-medium	low						42	301											
org.tribuo.regression.evaluation.RegressionEvaluation	RegressionEvaluation	low	low	low	low	1	8	0	1	1	12	13	8	0	0	8	0	0	0.0	0.25	0.0	0	0.0
org.tribuo.regression.evaluation.RegressionEvaluationImpl	RegressionEvaluationImpl	low	low-medium	low-medium	low	8	15	5	0	0	10	69	29	3	0	10	0	0	0.0	0.6	1.0	0	0.0
org.tribuo.regression.evaluation.RegressionEvaluator	RegressionEvaluator	low	low	low	low	0	2	0	1	0	2	29	4	1	0	2	0	0	0.0	0.25	1.0	0	0.0
org.tribuo.regression.evaluation.RegressionEvaluatorTest	RegressionEvaluatorTest	low	medium-high	low	low	12	23	14	0	0	3	30	29	0	0	2	0	0	0.0	0.0	0.0	1	0.0
org.tribuo.regression.evaluation.RegressionMetric	RegressionMetric	low	low	low	low	1	2	0	0	0	2	36	6	2	0	2	0	0	1.0	0.25	0.0	0	0.0
org.tribuo.regression.evaluation.RegressionMetrics	RegressionMetrics	low	low	low-medium	low	5	12	1	0	0	12	74	47	0	4	1	8	0	0.0	278	1.0	0	0.0
org.tribuo.regression.evaluation.RegressionSufficientStatistics	RegressionSufficientStatistics	low	low	low	low	1	0	0	0	0	0	50	0	4	0	0	0	0	0.0	0.0	0.0	0	0.0
<Package>org.tribuo.regression.example	org.tribuo.regression.example	low	low	low-medium	low						23	271											
org.tribuo.regression.example.GaussianDataSource	GaussianDataSource	low	low-medium	low-medium	low	7	6	1	0	0	9	67	34	8	0	5	1	0	563	0.5	0.9	0	0.0
org.tribuo.regression.example.RegressionDataGenerator	RegressionDataGenerator	low	low-medium	low-medium	low	8	18	5	0	0	12	204	198	0	1	0	12	0	0.0	333	909	0	0.0
<Package>org.tribuo.regression.impl	org.tribuo.regression.impl	low	low	low	low						18	136											
org.tribuo.regression.impl.SkeletalIndependentRegressionModel	SkeletalIndependentRegressionModel	low	low	low	low	5	8	4	1	0	4	16	10	0	1	3	0	0	0.0	417	0.0	0	0.0
org.tribuo.regression.impl.SkeletalIndependentRegressionSparseModel	SkeletalIndependentRegressionSparseModel	low-medium	low	low	low	5	8	4	2	1	4	16	10	0	1	3	0	0	0.0	417	0.0	1	0.0
org.tribuo.regression.impl.SkeletalIndependentRegressionSparseTrainer<T>	SkeletalIndependentRegressionSparseTrainer	low	low	low-medium	low	2	5	0	0	0	5	52	11	2	0	5	0	0	1.0	0.4	1.0	0	0.0
org.tribuo.regression.impl.SkeletalIndependentRegressionTrainer<T>	SkeletalIndependentRegressionTrainer	low	low	low-medium	low	2	5	0	0	0	5	52	11	2	0	5	0	0	1.0	0.4	1.0	0	0.0
<Package>org.tribuo.regression.liblinear	org.tribuo.regression.liblinear	low	low	low-medium	low						35	240											
org.tribuo.regression.liblinear.LibLinearRegressionModel	LibLinearRegressionModel	low-medium	low-medium	low-medium	low	8	5	3	2	0	9	66	31	0	1	3	0	0	0.0	333	0.0	2	0.0
org.tribuo.regression.liblinear.LibLinearRegressionTrainer	LibLinearRegressionTrainer	low	low-medium	low	low-medium	10	13	6	1	0	8	44	25	0	0	5	0	0	0.0	657	0.0	2	0.0
org.tribuo.regression.liblinear.LinearRegressionType	LinearRegressionType	low	low	low	low	2	7	1	0	0	6	28	15	1	1	6	0	0	1.0	417	0.9	1	0.0
org.tribuo.regression.liblinear.TestLibLinear	TestLibLinear	low	low-medium	low-medium	low	6	31	9	0	0	10	56	54	0	1	8	2	0	0.0	0.45	1.0	0	0.0
org.tribuo.regression.liblinear.TrainTest	TrainTest	low	low	low	low	0	0	0	0	0	0	46	0	0	0	0	0	0	0.0	0.0	0.0	0	0.0
<Package>org.tribuo.regression.libsvm	org.tribuo.regression.libsvm	low	low	low-medium	low						29	213											
org.tribuo.regression.libsvm.LibSVMRegressionModel	LibSVMRegressionModel	low-medium	low	low	low	5	2	1	2	0	3	28	11	0	1	1	0	0	0.0	0.0	0.0	1	0.0
org.tribuo.regression.libsvm.LibSVMRegressionTrainer	LibSVMRegressionTrainer	low	low-medium	low	low	9	12	6	1	0	7	42	22	0	0	4	0	0	0.0	0.6	0.0	2	0.0
org.tribuo.regression.libsvm.SVMRegressionType	SVMRegressionType	low	low	low	low	1	8	0	0	0	8	31	21	1	1	8	0	0	0.75	437	857	0	0.0
org.tribuo.regression.libsvm.TestLibSVM	TestLibSVM	low	low-medium	low-medium	low	7	31	9	0	0	10	61	56	0	4	8	2	0	0.0	0.45	1.0	0	0.0
org.tribuo.regression.libsvm.TrainTest	TrainTest	low	low	low-medium	low	0	0	0	0	0	0	51	0	0	0	0	0	0	0.0	0.0	0.0	0	0.0
<Package>org.tribuo.regression.rtree	org.tribuo.regression.rtree	low	low-medium	low-medium	low						42	535											
org.tribuo.regression.rtree.CARTJointRegressionTrainer	CARTJointRegressionTrainer	low	low-medium	low	low-medium	8	7	1	1	0	6	46	24	2	0	6	0	0	0.75	643	0.7	0	0.0
org.tribuo.regression.rtree.CARTRegressionTrainer	CARTRegressionTrainer	low	low-medium	low-medium	low-medium	7	6	1	1	0	5	81	20	1	0	5	0	0	0.0	633	1.0	0	0.0
org.tribuo.regression.rtree.IndependentRegressionTreeModel	IndependentRegressionTreeModel	low-medium	low-medium	low-medium	low	5	8	4	3	0	4	143	14	0	1	1	0	3	0.0	0.0	0.0	1	9.0
org.tribuo.regression.rtree.TestCARTJointRegressionTrainer	TestCARTJointRegressionTrainer	low	low-medium	low-medium	low	7	30	9	0	0	9	61	58	0	2	8	1	0	0.0	444	1.0	0	0.0
org.tribuo.regression.rtree.TestCARTRegressionTrainer	TestCARTRegressionTrainer	low	low-medium	low-medium	low	6	30	9	0	0	9	58	56	0	1	8	1	0	0.0	444	1.0	0	0.0
org.tribuo.regression.rtree.TestRegressionEnsembles	TestRegressionEnsembles	low	low-medium	low-medium	low	8	30	12	0	0	9	62	52	0	9	4	5	0	1037	278	833	0	0.0
org.tribuo.regression.rtree.TrainTest	TrainTest	low	low	low-medium	low	0	0	0	0	0	0	84	0	0	0	0	0	0	0.0	0.0	0.0	0	0.0
<Package>org.tribuo.regression.rtree.impl	org.tribuo.regression.rtree.impl	low	low	low-medium	low						89	576											
org.tribuo.regression.rtree.impl.InvertedFeature	InvertedFeature	low-medium	low	low-medium	low-medium	2	11	2	0	0	33	123	111	4	1	11	0	0	556	636	429	0	0.0
org.tribuo.regression.rtree.impl.JointRegressorTrainingNode	JointRegressorTrainingNode	low-medium	medium-high	low-medium	low-medium	12	22	15	1	0	25	199	97	7	1	4	1	0	0.75	625	667	2	0.0
org.tribuo.regression.rtree.impl.RegressorTrainingNode	RegressorTrainingNode	low	medium-high	low-medium	low	13	19	13	1	0	15	171	67	6	1	2	1	0	1.0	333	667	2	0.0
org.tribuo.regression.rtree.impl.TreeFeature	TreeFeature	low	low	low-medium	low	3	14	6	0	0	16	83	62	2	0	6	0	0	0.5	542	0.6	0	0.0
<Package>org.tribuo.regression.rtree.impurity	org.tribuo.regression.rtree.impurity	low	low	low	low						23	127											
org.tribuo.regression.rtree.impurity.MeanAbsoluteError	MeanAbsoluteError	low	low	low-medium	low	2	3	0	0	0	8	55	34	0	0	3	0	0	0.0	333	0.0	0	0.0
org.tribuo.regression.rtree.impurity.MeanSquaredError	MeanSquaredError	low	low	low-medium	low	2	3	0	0	0	7	54	34	0	0	3	0	0	0.0	333	0.0	0	0.0
org.tribuo.regression.rtree.impurity.RegressorImpurity	RegressorImpurity	low	low	low	low	1	5	2	1	2	7	18	5	0	0	5	0	0	0.0	0.3	0.0	0	0.0
<Package>org.tribuo.regression.sgd	org.tribuo.regression.sgd	low	low	low	low						1	96											
org.tribuo.regression.sgd.RegressionObjective	RegressionObjective	low	low	low	low	3	1	0	1	3	1	2	1	0	0	1	0	0	0.0	0.0	0.0	0	0.0
org.tribuo.regression.sgd.TrainTest	TrainTest	low	low	low-medium	low	0	0	0	0	0	0	64	0	0	0	0	0	0	0.0	0.0	0.0	0	0.0
org.tribuo.regression.sgd.Util	Util	low	low	low	low	0	0	0	0	0	0	30	0	0	0	0	0	0	0.0	0.0	0.0	0	0.0
<Package>org.tribuo.regression.sgd.linear	org.tribuo.regression.sgd.linear	low	low	low-medium	low						22	275											
org.tribuo.regression.sgd.linear.LinearSGDModel	LinearSGDModel	low	low-medium	low-medium	low	6	11	5	1	0	3	73	9	1	1	2	0	0	1.0	0.25	0.0	0	0.0
org.tribuo.regression.sgd.linear.LinearSGDTrainer	LinearSGDTrainer	low	low	low-medium	low	4	8	1	0	0	8	124	24	8	0	8	0	0	958	562	952	0	0.0
org.tribuo.regression.sgd.linear.TestSGDLinear	TestSGDLinear	low	low-medium	low-medium	low	9	37	14	0	0	11	78	75	0	2	9	2	0	0.5	409	982	0	0.0
<Package>org.tribuo.regression.sgd.objectives	org.tribuo.regression.sgd.objectives	low	low	low	low						11	58											
org.tribuo.regression.sgd.objectives.AbsoluteLoss	AbsoluteLoss	low	low	low	low	4	8	4	0	0	2	15	11	0	0	2	0	0	0.0	333	0.0	0	0.0
org.tribuo.regression.sgd.objectives.Huber	Huber	low	low	low	low	4	9	3	0	0	7	31	24	1	0	5	0	0	0.0	0.6	1.0	0	0.0
org.tribuo.regression.sgd.objectives.SquaredLoss	SquaredLoss	low	low	low	low	4	5	1	0	0	2	12	8	0	0	2	0	0	0.0	333	0.0	0	0.0
<Package>org.tribuo.regression.slm	org.tribuo.regression.slm	low	low-medium	medium-high	low						79	716											
org.tribuo.regression.slm.ElasticNetCDTrainer	ElasticNetCDTrainer	low	low	low-medium	low-medium	5	12	4	0	0	13	205	34	7	0	7	2	0	857	648	933	0	0.0
org.tribuo.regression.slm.LARSLassoTrainer	LARSLassoTrainer	low	low	low	low	2	21	10	1	0	14	45	40	0	0	3	0	0	0.0	444	0.0	0	0.0
org.tribuo.regression.slm.LARSTrainer	LARSTrainer	low	low	low	low	2	21	9	1	0	9	34	29	0	0	3	0	0	0.0	444	0.0	0	0.0
org.tribuo.regression.slm.SLMTrainer	SLMTrainer	low-medium	low-medium	low-medium	low-medium	10	25	15	0	2	23	192	72	3	0	7	4	0	833	675	1.0	0	0.0
org.tribuo.regression.slm.SparseLinearModel	SparseLinearModel	low-medium	low	low-medium	low	4	14	4	3	0	5	97	17	6	1	3	0	1	1.0	0.5	0.0	1	1.0
org.tribuo.regression.slm.TestSLM	TestSLM	low	low-medium	low-medium	low	10	32	14	0	0	11	70	64	0	5	4	7	0	1.0	455	1.0	0	0.0
org.tribuo.regression.slm.TrainTest	TrainTest	low	low	low-medium	low	0	0	0	0	0	0	73	0	0	0	0	0	0	0.0	0.0	0.0	0	0.0
<Package>org.tribuo.regression.xgboost	org.tribuo.regression.xgboost	low	low	low-medium	low						16	226											
org.tribuo.regression.xgboost.TestXGBoost	TestXGBoost	low	low-medium	low	low	5	28	9	0	0	7	38	35	0	2	6	1	0	0.0	429	1.0	0	0.0
org.tribuo.regression.xgboost.TrainTest	TrainTest	low	low	low-medium	low	0	0	0	0	0	0	65	0	0	0	0	0	0	0.0	0.0	0.0	0	0.0
org.tribuo.regression.xgboost.XGBoostOptions	XGBoostOptions	low	low	low	low	2	1	0	0	0	1	29	2	13	0	1	0	0	0.0	0.0	0.0	0	0.0
org.tribuo.regression.xgboost.XGBoostRegressionConverter	XGBoostRegressionConverter	low	low	low	low	0	1	0	0	0	1	30	3	0	1	1	0	0	0.0	0.0	0.0	0	0.0
org.tribuo.regression.xgboost.XGBoostRegressionTrainer	XGBoostRegressionTrainer	low	low	low-medium	low	3	8	2	1	0	7	64	18	1	0	7	0	0	0.0	571	933	0	0.0
<Package>org.tribuo.sequence	org.tribuo.sequence	low	medium-high	medium-high	low						130	767											
org.tribuo.sequence.AbstractSequenceEvaluator<T,C,E,M>	AbstractSequenceEvaluator	low	low	low	low	3	3	1	0	1	2	32	8	0	0	2	0	0	0.0	0.25	0.0	0	0.0
org.tribuo.sequence.HashingSequenceTrainer<T>	HashingSequenceTrainer	low	low	low	low	2	5	1	0	0	4	34	10	2	0	4	0	0	0.5	0.5	667	0	0.0
org.tribuo.sequence.ImmutableSequenceDataset<T>	ImmutableSequenceDataset	low-medium	medium-high	low-medium	medium-high	15	32	17	1	1	32	102	83	3	1	13	4	0	844	799	956	1	0.0
org.tribuo.sequence.MinimumCardinalitySequenceDataset<T>	MinimumCardinalitySequenceDataset	low-medium	medium-high	low-medium	low	11	17	13	2	0	16	89	51	2	1	4	0	1	833	0.5	667	2	0.5
org.tribuo.sequence.MutableSequenceDataset<T>	MutableSequenceDataset	low	medium-high	low-medium	medium-high	14	25	14	1	0	13	55	36	2	1	9	0	0	667	741	528	2	0.0
org.tribuo.sequence.SequenceDataSource<T>	SequenceDataSource	low	low	low	low	1	1	0	1	0	1	2	1	0	0	1	0	0	0.0	0.0	0.0	0	0.0
org.tribuo.sequence.SequenceDataset<T>	SequenceDataset	low	low-medium	low	low-medium	8	10	1	0	2	12	43	19	2	1	10	0	0	833	675	1.0	0	0.0
org.tribuo.sequence.SequenceDatasetTest	SequenceDatasetTest	low	medium-high	low-medium	low	15	32	18	0	0	6	160	154	0	0	4	1	0	0.0	0.0	0.0	3	0.0
org.tribuo.sequence.SequenceEvaluation<T>	SequenceEvaluation	low	low	low	low	1	1	0	1	1	2	7	1	0	0	1	0	0	0.0	0.0	0.0	0	0.0
org.tribuo.sequence.SequenceEvaluator<T,E>	SequenceEvaluator	low	low	low	low	3	2	0	1	1	3	4	2	0	0	2	0	0	0.0	0.25	0.0	0	0.0
org.tribuo.sequence.SequenceExample<T>	SequenceExample	low	low	low-medium	medium-high	3	15	5	0	0	16	106	33	1	2	11	0	0	1.0	779	945	0	0.0
org.tribuo.sequence.SequenceModel<T>	SequenceModel	low	low	low	low	3	3	0	0	3	3	50	7	3	1	3	0	0	1125	0.0	1.0	0	0.0
org.tribuo.sequence.SequenceModelExplorer	SequenceModelExplorer	low	low	low-medium	low	5	4	1	0	0	3	78	11	2	0	3	0	0	1.0	0.0	667	0	0.0
org.tribuo.sequence.SequenceTrainer<T>	SequenceTrainer	low	low	low	low	2	2	0	1	4	3	5	2	0	0	2	0	0	0.0	0.25	0.0	0	0.0
<Package>org.tribuo.test	org.tribuo.test	low	low-medium	medium-high	low						86	575											
org.tribuo.test.Helpers	Helpers	low	low	low	low	0	1	0	0	0	1	47	1	0	0	1	0	0	0.0	0.0	0.0	0	0.0
org.tribuo.test.ImmutableMockMultiOutputInfo	ImmutableMockMultiOutputInfo	low	low	low-medium	low-medium	2	8	1	1	0	10	69	38	0	0	7	0	0	0.0	657	0.0	0	0.0
org.tribuo.test.MockDataSource	MockDataSource	low	low	low	low	2	2	0	1	0	2	12	4	0	0	2	0	0	0.0	167	0.0	0	0.0
org.tribuo.test.MockDataSourceProvenance	MockDataSourceProvenance	low	low	low	low	0	2	0	0	0	2	22	4	0	1	2	0	0	0.0	0.0	0.0	0	0.0
org.tribuo.test.MockMultiOutput	MockMultiOutput	low	low	low-medium	low	1	7	0	0	0	14	101	30	1	2	7	0	0	1.0	476	952	0	0.0
org.tribuo.test.MockMultiOutputFactory	MockMultiOutputFactory	low	low	low-medium	low	5	7	0	0	0	9	62	25	0	2	7	0	0	0.0	429	1.0	0	0.0
org.tribuo.test.MockMultiOutputInfo	MockMultiOutputInfo	low	low-medium	low-medium	low	6	9	1	0	2	9	58	27	2	0	8	0	0	1.0	583	1.0	0	0.0
org.tribuo.test.MockOutput	MockOutput	low	low	low	low	0	3	0	0	0	3	26	9	0	1	3	0	0	0.0	333	0.0	0	0.0
org.tribuo.test.MockOutputFactory	MockOutputFactory	low	low	low	low	5	6	0	0	0	6	42	18	0	1	6	0	0	0.0	417	1.0	0	0.0
org.tribuo.test.MockOutputInfo	MockOutputInfo	low	low	low-medium	low-medium	4	13	1	0	0	16	100	62	2	0	12	0	0	333	667	964	0	0.0
org.tribuo.test.MutableMockMultiOutputInfo	MutableMockMultiOutputInfo	low	low	low	low	3	6	1	1	0	8	36	23	0	0	5	0	0	0.0	533	0.0	0	0.0
<Package>org.tribuo.tests	org.tribuo.tests	low	low	low	low						1	12											
org.tribuo.tests.Resources	Resources	low	low	low	low	0	1	0	0	0	1	12	1	0	0	1	0	0	0.0	0.0	0.0	0	0.0
<Package>org.tribuo.transform	org.tribuo.transform	low	medium-high	medium-high	low						127	822											
org.tribuo.transform.BinningTest	BinningTest	low	medium-high	low-medium	low	12	34	10	0	0	5	106	105	0	0	3	1	0	0.0	375	0.0	0	0.0
org.tribuo.transform.LinearScalingTest	LinearScalingTest	low	medium-high	low-medium	low	13	41	13	0	0	12	74	73	0	0	8	1	0	0.0	593	0.0	1	0.0
org.tribuo.transform.MeanStdDevTest	MeanStdDevTest	low	medium-high	low-medium	low-medium	13	35	9	0	0	12	58	57	0	0	6	1	0	0.0	643	0.0	1	0.0
org.tribuo.transform.SimpleTransformTest	SimpleTransformTest	low-medium	medium-high	low-medium	low-medium	12	53	17	0	0	36	193	177	0	0	16	1	0	0.0	627	0.0	1	0.0
org.tribuo.transform.TransformStatistics	TransformStatistics	low	low	low	low	1	4	0	1	7	4	5	4	0	0	4	0	0	0.0	0.5	0.0	0	0.0
org.tribuo.transform.TransformTrainer<T>	TransformTrainer	low	low	low	low	3	6	1	0	0	5	27	13	3	0	5	0	0	667	0.5	833	0	0.0
org.tribuo.transform.Transformation	Transformation	low	low	low	low	1	1	0	1	5	1	2	1	0	0	1	0	0	0.0	0.0	0.0	0	0.0
org.tribuo.transform.TransformationMap	TransformationMap	low	low	low-medium	low	3	5	1	0	0	12	67	26	1	0	5	0	0	0.0	0.4	1.0	0	0.0
org.tribuo.transform.TransformationMapTest	TransformationMapTest	low	low-medium	low-medium	low	10	24	9	0	0	19	167	123	0	0	3	2	0	0.0	0.0	0.0	0	0.0
org.tribuo.transform.TransformationProvenance	TransformationProvenance	low	low	low	low	0	0	0	1	5	0	1	0	0	0	0	0	0	0.0	0.0	0.0	0	0.0
org.tribuo.transform.TransformedModel<T>	TransformedModel	low	low	low	low	4	9	5	1	0	3	42	19	3	1	2	0	0	0.5	417	0.0	0	0.0
org.tribuo.transform.Transformer	Transformer	low	low	low	low	0	1	0	1	5	1	2	1	0	0	1	0	0	0.0	0.0	0.0	0	0.0
org.tribuo.transform.TransformerMap	TransformerMap	low	low-medium	low-medium	low	6	20	5	0	0	5	78	15	2	1	4	0	0	0.0	0.5	1.0	0	0.0
<Package>org.tribuo.transform.transformations	org.tribuo.transform.transformations	low	low	medium-high	low						125	588											
org.tribuo.transform.transformations.BinningTransformation	BinningTransformation	low	low	low-medium	low	2	8	1	0	0	14	204	31	2	0	5	3	0	0.0	458	933	0	0.0
org.tribuo.transform.transformations.LinearScalingTransformation	LinearScalingTransformation	low	low	low-medium	low	2	5	1	0	0	7	112	17	3	0	5	0	0	556	0.4	0.7	0	0.0
org.tribuo.transform.transformations.MeanStdDevTransformation	MeanStdDevTransformation	low	low	low-medium	low	3	5	1	0	0	7	102	17	3	0	5	0	0	667	0.4	0.7	0	0.0
org.tribuo.transform.transformations.SimpleTransform	SimpleTransform	low-medium	low	low-medium	low	1	20	1	0	0	39	170	90	5	2	12	8	0	857	587	992	0	0.0
<Package>org.tribuo.util	org.tribuo.util	low	low	low-medium	low						116	722											
org.tribuo.util.HTMLOutput	HTMLOutput	low	low	low	low	0	1	0	0	0	1	41	1	0	0	1	0	0	0.0	0.0	0.0	0	0.0
org.tribuo.util.IntDoublePair	IntDoublePair	low	low	low	low	0	1	0	0	0	1	15	3	2	0	1	0	0	0.0	0.0	0.0	0	0.0
org.tribuo.util.Merger	Merger	low	low	low	low	0	4	0	1	0	4	9	4	0	0	1	3	0	0.0	375	0.0	0	0.0
org.tribuo.util.MurmurHash3	MurmurHash3	low-medium	low	low-medium	low	0	5	2	0	0	25	162	97	0	0	0	5	0	0.0	0.44	0.0	0	0.0
org.tribuo.util.Util	Util	medium-high	low	medium-high	low-medium	1	37	7	0	0	81	461	204	0	0	1	36	0	0.0	613	0.0	0	0.0
org.tribuo.util.UtilTest	UtilTest	low	low	low	low	3	6	4	0	0	4	34	32	0	1	2	0	0	0.0	0.0	1.0	0	0.0
<Package>org.tribuo.util.infotheory	org.tribuo.util.infotheory	low	low	low-medium	low						31	480											
org.tribuo.util.infotheory.InformationTheory	InformationTheory	low	low	low-medium	low	3	7	2	0	0	19	217	87	0	5	1	6	0	0.9	0.5	1.0	0	0.0
org.tribuo.util.infotheory.WeightedInformationTheory	WeightedInformationTheory	low	low	low-medium	low	3	4	0	0	0	10	263	60	0	5	1	3	0	0.9	417	0.0	0	0.0
<Package>org.tribuo.util.infotheory.example	org.tribuo.util.infotheory.example	low	low	low	low						6	105											
org.tribuo.util.infotheory.example.InformationTheoryDemo	InformationTheoryDemo	low	low	low-medium	low	1	2	0	0	0	6	105	30	0	0	0	2	0	0.0	167	0.0	0	0.0
<Package>org.tribuo.util.infotheory.impl	org.tribuo.util.infotheory.impl	low	low	low-medium	low						48	706											
org.tribuo.util.infotheory.impl.CachedPair<T1,T2>	CachedPair	low	low	low	low	0	3	1	1	0	2	25	6	1	1	2	0	0	1.0	333	0.0	0	0.0
org.tribuo.util.infotheory.impl.CachedTriple<T1,T2,T3>	CachedTriple	low	low	low-medium	medium-high	4	10	2	0	0	16	72	47	7	1	9	1	0	859	0.72	694	0	0.0
org.tribuo.util.infotheory.impl.PairDistribution<T1,T2>	PairDistribution	low	low	low-medium	low	0	0	0	0	0	0	58	0	1	0	0	0	0	0.0	0.0	0.0	0	0.0
org.tribuo.util.infotheory.impl.Row<T>	Row	low	low	low	low	0	1	0	0	0	2	33	6	0	0	1	0	0	0.0	0.0	0.0	0	0.0
org.tribuo.util.infotheory.impl.RowList<T>	RowList	low	low	low-medium	low	1	9	0	0	0	14	182	43	1	0	9	0	0	0.0	528	917	0	0.0
org.tribuo.util.infotheory.impl.TripleDistribution<T1,T2,T3>	TripleDistribution	low	low	low-medium	low	0	0	0	0	0	0	117	0	1	1	0	0	0	0.0	0.0	0.0	0	0.0
org.tribuo.util.infotheory.impl.WeightCountTuple	WeightCountTuple	low	low	low	low	0	3	0	0	0	3	23	12	2	0	3	0	0	0.0	444	0.0	0	0.0
org.tribuo.util.infotheory.impl.WeightedPairDistribution<T1,T2>	WeightedPairDistribution	low	low	low-medium	low	0	0	0	0	0	0	69	0	1	0	0	0	0	0.0	0.0	0.0	0	0.0
org.tribuo.util.infotheory.impl.WeightedTripleDistribution<T1,T2,T3>	WeightedTripleDistribution	low	low	low-medium	low	0	0	0	0	0	0	127	0	1	1	0	0	0	0.0	0.0	0.0	0	0.0
<Package>org.tribuo.util.tokens	org.tribuo.util.tokens	low	low	low-medium	low						13	142											
org.tribuo.util.tokens.Token	Token	low	low	low	low	0	1	0	0	0	1	22	2	3	0	1	0	0	0.0	0.0	0.0	0	0.0
org.tribuo.util.tokens.TokenizationException	TokenizationException	low	low	low	low	0	0	0	0	0	0	8	0	0	1	0	0	0	0.0	0.0	0.0	0	0.0
org.tribuo.util.tokens.Tokenizer	Tokenizer	low	low	low	low	2	6	3	1	6	12	36	6	0	0	6	0	0	0.0	0.0	0.0	0	0.0
org.tribuo.util.tokens.TokenizerTestBase	TokenizerTestBase	low	low	low-medium	low	0	0	0	0	8	0	56	0	0	0	0	0	0	0.0	0.0	0.0	0	0.0
org.tribuo.util.tokens.TokenizerTestWrapper	TokenizerTestWrapper	low	low	low	low	1	0	0	0	0	0	20	0	1	1	0	0	0	0.0	0.0	0.0	0	0.0
<Package>org.tribuo.util.tokens.impl	org.tribuo.util.tokens.impl	low	medium-high	medium-high	low						122	711											
org.tribuo.util.tokens.impl.BreakIteratorTokenizer	BreakIteratorTokenizer	low	low	low-medium	low	2	8	1	0	0	15	87	53	4	0	8	0	0	625	0.0	524	0	0.0
org.tribuo.util.tokens.impl.BreakIteratorTokenizerTest	BreakIteratorTokenizerTest	low	low	low	low	2	5	0	1	0	5	28	27	0	0	5	0	0	0.0	0.0	0.0	0	0.0
org.tribuo.util.tokens.impl.NonTokenizer	NonTokenizer	low	low	low-medium	low	2	7	0	0	0	13	52	39	1	0	7	0	0	0.0	0.0	524	0	0.0
org.tribuo.util.tokens.impl.NonTokenizerTest	NonTokenizerTest	low	low	low	low	2	2	0	1	0	2	11	10	0	0	2	0	0	0.0	0.0	0.0	0	0.0
org.tribuo.util.tokens.impl.ShapeTokenizer	ShapeTokenizer	low-medium	low	low-medium	low	2	8	1	0	0	27	100	75	6	0	8	0	0	0.75	437	524	0	0.0
org.tribuo.util.tokens.impl.ShapeTokenizerTest	ShapeTokenizerTest	low	low	low	low	1	2	0	1	0	2	25	24	0	0	2	0	0	0.0	0.0	0.0	0	0.0
org.tribuo.util.tokens.impl.SplitCharactersTokenizer	SplitCharactersTokenizer	low-medium	low	low-medium	low	2	14	3	0	0	31	108	80	6	2	13	1	0	861	357	731	0	0.0
org.tribuo.util.tokens.impl.SplitCharactersTokenizerTest	SplitCharactersTokenizerTest	low	low	low-medium	low	2	2	0	1	0	2	70	69	0	0	2	0	0	0.0	0.0	0.0	0	0.0
org.tribuo.util.tokens.impl.SplitPatternTokenizer	SplitPatternTokenizer	low	low	low-medium	low	2	8	2	0	0	16	88	56	5	0	8	0	0	0.7	0.0	643	0	0.0
org.tribuo.util.tokens.impl.SplitPatternTokenizerTest	SplitPatternTokenizerTest	low	low	low	low	1	3	0	1	0	3	43	42	0	0	3	0	0	0.0	0.0	0.0	0	0.0
org.tribuo.util.tokens.impl.TokenizerSerializationTest	TokenizerSerializationTest	low	low-medium	low	low	7	2	0	1	0	2	40	38	0	0	2	0	0	0.0	0.0	0.0	0	0.0
org.tribuo.util.tokens.impl.UniversalTokenizerTest	UniversalTokenizerTest	low	low	low-medium	low	2	6	2	1	0	4	59	58	0	0	4	0	0	0.0	0.0	0.0	0	0.0
<Package>org.tribuo.util.tokens.options	org.tribuo.util.tokens.options	low	low-medium	low-medium	low						15	120											
org.tribuo.util.tokens.options.BreakIteratorTokenizerOptions	BreakIteratorTokenizerOptions	low	low	low	low	2	1	0	0	0	1	6	3	0	0	1	0	0	0.0	0.0	0.0	0	0.0
org.tribuo.util.tokens.options.CoreTokenizerOptions	CoreTokenizerOptions	low	low-medium	low	low	7	4	3	0	0	7	35	26	4	0	1	0	0	0.0	0.0	0.0	0	0.0
org.tribuo.util.tokens.options.CoreTokenizerOptionsTest	CoreTokenizerOptionsTest	low	low	low-medium	low	3	7	4	1	0	4	62	52	0	0	2	1	0	0.0	0.0	0.0	0	0.0
org.tribuo.util.tokens.options.SplitCharactersTokenizerOptions	SplitCharactersTokenizerOptions	low	low	low	low	2	1	0	0	0	1	9	3	2	0	1	0	0	0.0	0.0	0.0	0	0.0
org.tribuo.util.tokens.options.SplitPatternTokenizerOptions	SplitPatternTokenizerOptions	low	low	low	low	2	1	0	0	0	1	6	3	0	0	1	0	0	0.0	0.0	0.0	0	0.0
org.tribuo.util.tokens.options.TokenizerOptions	TokenizerOptions	low	low	low	low	1	1	0	1	4	1	2	1	0	0	1	0	0	0.0	0.0	0.0	0	0.0
<Package>org.tribuo.util.tokens.universal	org.tribuo.util.tokens.universal	low	low	low-medium	low						149	382											
org.tribuo.util.tokens.universal.Range	Range	low	low	low-medium	low	1	8	0	0	0	10	60	42	6	0	8	0	0	389	437	95	0	0.0
org.tribuo.util.tokens.universal.UniversalTokenizer	UniversalTokenizer	very-high	low	medium-high	low-medium	3	29	13	0	0	139	322	275	17	0	21	4	0	886	0.67	918	0	0.0
